void_id,ra_deg,dec_deg,z,r_eff_mpc,source_catalog,vizier_catalog
60,114.782,37.641,0.648,32.298,BOSS_DR12_Mao2017_ZOBOV,J/ApJ/835/161
10020,184.261,1.326,0.5,15.964,BOSS_DR12_Mao2017_ZOBOV,J/ApJ/835/161
11496,124.855,3.09,0.648,52.473,BOSS_DR12_Mao2017_ZOBOV,J/ApJ/835/161
15935,230.976,13.239,0.459,38.683,BOSS_DR12_Mao2017_ZOBOV,J/ApJ/835/161
4407,237.406,16.985,0.463,63.467,BOSS_DR12_Mao2017_ZOBOV,J/ApJ/835/161
20571,235.861,56.008,0.457,56.705,BOSS_DR12_Mao2017_ZOBOV,J/ApJ/835/161
13976,131.182,28.707,0.498,29.199,BOSS_DR12_Mao2017_ZOBOV,J/ApJ/835/161
2571,138.792,2.233,0.52,64.052,BOSS_DR12_Mao2017_ZOBOV,J/ApJ/835/161
4535,228.21,20.057,0.591,63.679,BOSS_DR12_Mao2017_ZOBOV,J/ApJ/835/161
1267,154.54,-0.619,0.459,40.98,BOSS_DR12_Mao2017_ZOBOV,J/ApJ/835/161
12454,235.558,11.513,0.638,90.295,BOSS_DR12_Mao2017_ZOBOV,J/ApJ/835/161
11862,176.75,5.126,0.586,80.243,BOSS_DR12_Mao2017_ZOBOV,J/ApJ/835/161
5455,206.313,0.163,0.64,89.801,BOSS_DR12_Mao2017_ZOBOV,J/ApJ/835/161
1005,125.041,38.447,0.46,54.079,BOSS_DR12_Mao2017_ZOBOV,J/ApJ/835/161
6886,251.844,21.969,0.495,84.756,BOSS_DR12_Mao2017_ZOBOV,J/ApJ/835/161
4669,195.568,0.33,0.482,39.445,BOSS_DR12_Mao2017_ZOBOV,J/ApJ/835/161
6677,255.014,24.193,0.479,27.477,BOSS_DR12_Mao2017_ZOBOV,J/ApJ/835/161
2619,160.558,-0.643,0.467,46.066,BOSS_DR12_Mao2017_ZOBOV,J/ApJ/835/161
21634,192.072,54.127,0.46,73.064,BOSS_DR12_Mao2017_ZOBOV,J/ApJ/835/161
9173,212.982,39.695,0.487,50.79,BOSS_DR12_Mao2017_ZOBOV,J/ApJ/835/161
18077,215.769,18.882,0.649,85.851,BOSS_DR12_Mao2017_ZOBOV,J/ApJ/835/161
13556,220.837,36.76,0.659,51.289,BOSS_DR12_Mao2017_ZOBOV,J/ApJ/835/161
17290,144.126,28.605,0.572,73.406,BOSS_DR12_Mao2017_ZOBOV,J/ApJ/835/161
11581,240.589,5.557,0.454,33.12,BOSS_DR12_Mao2017_ZOBOV,J/ApJ/835/161
4859,208.529,0.347,0.578,63.044,BOSS_DR12_Mao2017_ZOBOV,J/ApJ/835/161
21371,163.626,49.028,0.459,58.772,BOSS_DR12_Mao2017_ZOBOV,J/ApJ/835/161
17711,223.573,20.632,0.512,54.131,BOSS_DR12_Mao2017_ZOBOV,J/ApJ/835/161
22524,234.611,55.462,0.644,70.178,BOSS_DR12_Mao2017_ZOBOV,J/ApJ/835/161
15117,178.867,12.927,0.459,44.445,BOSS_DR12_Mao2017_ZOBOV,J/ApJ/835/161
12812,256.34,31.79,0.496,55.864,BOSS_DR12_Mao2017_ZOBOV,J/ApJ/835/161
6729,250.69,20.509,0.549,62.158,BOSS_DR12_Mao2017_ZOBOV,J/ApJ/835/161
2591,132.522,2.263,0.583,63.848,BOSS_DR12_Mao2017_ZOBOV,J/ApJ/835/161
10024,183.139,1.739,0.477,21.347,BOSS_DR12_Mao2017_ZOBOV,J/ApJ/835/161
4395,238.258,20.882,0.595,91.328,BOSS_DR12_Mao2017_ZOBOV,J/ApJ/835/161
13669,133.778,46.359,0.583,60.554,BOSS_DR12_Mao2017_ZOBOV,J/ApJ/835/161
19796,153.402,23.473,0.536,41.471,BOSS_DR12_Mao2017_ZOBOV,J/ApJ/835/161
19847,167.397,25.655,0.569,65.068,BOSS_DR12_Mao2017_ZOBOV,J/ApJ/835/161
19861,171.603,27.345,0.652,82.37,BOSS_DR12_Mao2017_ZOBOV,J/ApJ/835/161
22129,194.166,43.544,0.466,69.996,BOSS_DR12_Mao2017_ZOBOV,J/ApJ/835/161
18298,173.896,19.534,0.656,71.203,BOSS_DR12_Mao2017_ZOBOV,J/ApJ/835/161
21068,171.493,59.727,0.5,59.081,BOSS_DR12_Mao2017_ZOBOV,J/ApJ/835/161
17611,206.257,24.07,0.466,69.175,BOSS_DR12_Mao2017_ZOBOV,J/ApJ/835/161
17222,141.005,32.063,0.47,70.332,BOSS_DR12_Mao2017_ZOBOV,J/ApJ/835/161
3576,224.795,30.535,0.605,62.732,BOSS_DR12_Mao2017_ZOBOV,J/ApJ/835/161
21921,229.089,46.365,0.516,60.777,BOSS_DR12_Mao2017_ZOBOV,J/ApJ/835/161
22520,229.253,54.721,0.657,58.571,BOSS_DR12_Mao2017_ZOBOV,J/ApJ/835/161
8794,138.556,39.662,0.514,59.922,BOSS_DR12_Mao2017_ZOBOV,J/ApJ/835/161
3296,212.817,34.36,0.509,60.75,BOSS_DR12_Mao2017_ZOBOV,J/ApJ/835/161
10593,182.567,3.819,0.513,46.27,BOSS_DR12_Mao2017_ZOBOV,J/ApJ/835/161
5278,227.462,0.722,0.463,39.829,BOSS_DR12_Mao2017_ZOBOV,J/ApJ/835/161
900,123.398,40.356,0.607,20.556,BOSS_DR12_Mao2017_ZOBOV,J/ApJ/835/161
825,116.284,33.865,0.533,61.25,BOSS_DR12_Mao2017_ZOBOV,J/ApJ/835/161
4866,201.439,1.388,0.532,33.803,BOSS_DR12_Mao2017_ZOBOV,J/ApJ/835/161
17574,207.941,28.323,0.454,26.026,BOSS_DR12_Mao2017_ZOBOV,J/ApJ/835/161
19336,202.175,30.639,0.504,30.808,BOSS_DR12_Mao2017_ZOBOV,J/ApJ/835/161
15558,142.483,11.586,0.464,60.952,BOSS_DR12_Mao2017_ZOBOV,J/ApJ/835/161
17812,194.466,26.258,0.654,70.2,BOSS_DR12_Mao2017_ZOBOV,J/ApJ/835/161
7221,117.051,31.419,0.505,39.906,BOSS_DR12_Mao2017_ZOBOV,J/ApJ/835/161
12374,225.297,6.349,0.517,59.983,BOSS_DR12_Mao2017_ZOBOV,J/ApJ/835/161
16030,216.943,14.667,0.661,57.14,BOSS_DR12_Mao2017_ZOBOV,J/ApJ/835/161
4403,242.153,19.984,0.489,51.274,BOSS_DR12_Mao2017_ZOBOV,J/ApJ/835/161
9778,159.312,34.103,0.586,65.572,BOSS_DR12_Mao2017_ZOBOV,J/ApJ/835/161
2211,139.595,-0.905,0.533,20.269,BOSS_DR12_Mao2017_ZOBOV,J/ApJ/835/161
4457,226.458,19.415,0.537,61.399,BOSS_DR12_Mao2017_ZOBOV,J/ApJ/835/161
20012,169.425,31.849,0.46,70.088,BOSS_DR12_Mao2017_ZOBOV,J/ApJ/835/161
21786,208.13,58.841,0.452,34.858,BOSS_DR12_Mao2017_ZOBOV,J/ApJ/835/161
14752,217.584,7.1,0.465,43.625,BOSS_DR12_Mao2017_ZOBOV,J/ApJ/835/161
12573,202.708,6.481,0.469,55.642,BOSS_DR12_Mao2017_ZOBOV,J/ApJ/835/161
2596,137.224,2.7,0.654,56.514,BOSS_DR12_Mao2017_ZOBOV,J/ApJ/835/161
17603,214.937,26.553,0.632,74.358,BOSS_DR12_Mao2017_ZOBOV,J/ApJ/835/161
15033,177.622,13.683,0.503,58.728,BOSS_DR12_Mao2017_ZOBOV,J/ApJ/835/161
14779,184.296,7.955,0.503,55.452,BOSS_DR12_Mao2017_ZOBOV,J/ApJ/835/161
4637,200.281,0.6,0.663,55.805,BOSS_DR12_Mao2017_ZOBOV,J/ApJ/835/161
13023,231.044,34.237,0.557,66.314,BOSS_DR12_Mao2017_ZOBOV,J/ApJ/835/161
2629,163.369,-0.928,0.488,39.254,BOSS_DR12_Mao2017_ZOBOV,J/ApJ/835/161
17502,218.398,25.559,0.502,42.851,BOSS_DR12_Mao2017_ZOBOV,J/ApJ/835/161
8793,137.445,39.999,0.464,63.756,BOSS_DR12_Mao2017_ZOBOV,J/ApJ/835/161
9009,160.818,42.484,0.646,65.887,BOSS_DR12_Mao2017_ZOBOV,J/ApJ/835/161
16640,135.877,48.592,0.455,35.594,BOSS_DR12_Mao2017_ZOBOV,J/ApJ/835/161
17126,134.607,24.456,0.491,41.736,BOSS_DR12_Mao2017_ZOBOV,J/ApJ/835/161
6592,252.685,22.767,0.639,90.445,BOSS_DR12_Mao2017_ZOBOV,J/ApJ/835/161
183,124.736,50.678,0.541,44.222,BOSS_DR12_Mao2017_ZOBOV,J/ApJ/835/161
11120,148.954,3.777,0.549,62.812,BOSS_DR12_Mao2017_ZOBOV,J/ApJ/835/161
11874,216.047,5.596,0.485,43.094,BOSS_DR12_Mao2017_ZOBOV,J/ApJ/835/161
15443,229.5,8.74,0.501,60.907,BOSS_DR12_Mao2017_ZOBOV,J/ApJ/835/161
22068,201.862,42.563,0.493,67.133,BOSS_DR12_Mao2017_ZOBOV,J/ApJ/835/161
8549,116.446,32.966,0.463,33.558,BOSS_DR12_Mao2017_ZOBOV,J/ApJ/835/161
15007,130.0,8.477,0.656,73.483,BOSS_DR12_Mao2017_ZOBOV,J/ApJ/835/161
19657,165.409,27.681,0.51,57.652,BOSS_DR12_Mao2017_ZOBOV,J/ApJ/835/161
14029,133.266,27.948,0.581,63.583,BOSS_DR12_Mao2017_ZOBOV,J/ApJ/835/161
14952,156.026,10.62,0.594,63.855,BOSS_DR12_Mao2017_ZOBOV,J/ApJ/835/161
12141,135.558,7.161,0.502,37.879,BOSS_DR12_Mao2017_ZOBOV,J/ApJ/835/161
19858,161.724,27.14,0.613,59.747,BOSS_DR12_Mao2017_ZOBOV,J/ApJ/835/161
12888,258.606,26.804,0.501,46.818,BOSS_DR12_Mao2017_ZOBOV,J/ApJ/835/161
9889,145.501,37.344,0.518,46.611,BOSS_DR12_Mao2017_ZOBOV,J/ApJ/835/161
1303,138.03,0.668,0.629,68.053,BOSS_DR12_Mao2017_ZOBOV,J/ApJ/835/161
1047,129.253,39.992,0.538,31.65,BOSS_DR12_Mao2017_ZOBOV,J/ApJ/835/161
4726,224.168,0.044,0.452,36.362,BOSS_DR12_Mao2017_ZOBOV,J/ApJ/835/161
22164,202.995,49.504,0.54,75.776,BOSS_DR12_Mao2017_ZOBOV,J/ApJ/835/161
8608,119.234,18.416,0.458,48.369,BOSS_DR12_Mao2017_ZOBOV,J/ApJ/835/161
11043,157.531,6.621,0.482,80.25,BOSS_DR12_Mao2017_ZOBOV,J/ApJ/835/161
7585,125.859,26.988,0.492,67.013,BOSS_DR12_Mao2017_ZOBOV,J/ApJ/835/161
20037,209.13,40.286,0.489,31.885,BOSS_DR12_Mao2017_ZOBOV,J/ApJ/835/161
11474,233.432,5.898,0.638,55.827,BOSS_DR12_Mao2017_ZOBOV,J/ApJ/835/161
17643,218.915,25.226,0.462,56.555,BOSS_DR12_Mao2017_ZOBOV,J/ApJ/835/161
276,118.041,47.108,0.489,55.279,BOSS_DR12_Mao2017_ZOBOV,J/ApJ/835/161
16215,182.411,9.682,0.461,49.788,BOSS_DR12_Mao2017_ZOBOV,J/ApJ/835/161
148,121.032,47.634,0.654,74.792,BOSS_DR12_Mao2017_ZOBOV,J/ApJ/835/161
1364,173.77,1.587,0.497,73.25,BOSS_DR12_Mao2017_ZOBOV,J/ApJ/835/161
16381,121.228,7.337,0.499,19.696,BOSS_DR12_Mao2017_ZOBOV,J/ApJ/835/161
17291,145.586,29.082,0.541,52.127,BOSS_DR12_Mao2017_ZOBOV,J/ApJ/835/161
18352,198.503,18.908,0.469,70.718,BOSS_DR12_Mao2017_ZOBOV,J/ApJ/835/161
6272,247.836,14.921,0.6,84.092,BOSS_DR12_Mao2017_ZOBOV,J/ApJ/835/161
19141,207.905,28.92,0.475,36.586,BOSS_DR12_Mao2017_ZOBOV,J/ApJ/835/161
16374,120.862,9.312,0.48,21.293,BOSS_DR12_Mao2017_ZOBOV,J/ApJ/835/161
9662,197.892,38.623,0.46,60.32,BOSS_DR12_Mao2017_ZOBOV,J/ApJ/835/161
15329,219.24,9.03,0.571,80.181,BOSS_DR12_Mao2017_ZOBOV,J/ApJ/835/161
12335,232.324,7.633,0.457,61.61,BOSS_DR12_Mao2017_ZOBOV,J/ApJ/835/161
16079,215.096,16.044,0.475,39.061,BOSS_DR12_Mao2017_ZOBOV,J/ApJ/835/161
21913,200.263,54.657,0.649,78.48,BOSS_DR12_Mao2017_ZOBOV,J/ApJ/835/161
5989,217.773,-0.965,0.537,37.154,BOSS_DR12_Mao2017_ZOBOV,J/ApJ/835/161
22124,178.895,44.425,0.655,68.394,BOSS_DR12_Mao2017_ZOBOV,J/ApJ/835/161
11881,140.807,5.285,0.638,80.672,BOSS_DR12_Mao2017_ZOBOV,J/ApJ/835/161
19612,201.267,28.931,0.644,87.078,BOSS_DR12_Mao2017_ZOBOV,J/ApJ/835/161
21507,150.881,57.13,0.54,104.931,BOSS_DR12_Mao2017_ZOBOV,J/ApJ/835/161
14622,241.838,10.411,0.477,36.965,BOSS_DR12_Mao2017_ZOBOV,J/ApJ/835/161
14901,144.727,8.356,0.638,91.289,BOSS_DR12_Mao2017_ZOBOV,J/ApJ/835/161
19724,149.915,27.741,0.647,92.325,BOSS_DR12_Mao2017_ZOBOV,J/ApJ/835/161
12909,230.188,37.032,0.497,46.648,BOSS_DR12_Mao2017_ZOBOV,J/ApJ/835/161
19870,183.948,28.562,0.659,68.091,BOSS_DR12_Mao2017_ZOBOV,J/ApJ/835/161
4687,206.793,-0.875,0.463,44.12,BOSS_DR12_Mao2017_ZOBOV,J/ApJ/835/161
15591,194.637,15.129,0.463,60.362,BOSS_DR12_Mao2017_ZOBOV,J/ApJ/835/161
21215,155.067,54.273,0.656,55.923,BOSS_DR12_Mao2017_ZOBOV,J/ApJ/835/161
881,117.451,34.652,0.648,62.119,BOSS_DR12_Mao2017_ZOBOV,J/ApJ/835/161
20222,213.085,62.581,0.461,51.93,BOSS_DR12_Mao2017_ZOBOV,J/ApJ/835/161
899,123.446,39.072,0.574,59.246,BOSS_DR12_Mao2017_ZOBOV,J/ApJ/835/161
19635,162.166,26.751,0.67,33.293,BOSS_DR12_Mao2017_ZOBOV,J/ApJ/835/161
4738,216.995,0.186,0.645,65.242,BOSS_DR12_Mao2017_ZOBOV,J/ApJ/835/161
9956,246.08,22.071,0.49,22.317,BOSS_DR12_Mao2017_ZOBOV,J/ApJ/835/161
18662,240.112,42.18,0.505,73.631,BOSS_DR12_Mao2017_ZOBOV,J/ApJ/835/161
141,125.875,51.482,0.497,61.465,BOSS_DR12_Mao2017_ZOBOV,J/ApJ/835/161
18756,250.239,47.198,0.622,77.773,BOSS_DR12_Mao2017_ZOBOV,J/ApJ/835/161
7200,118.085,32.017,0.658,57.753,BOSS_DR12_Mao2017_ZOBOV,J/ApJ/835/161
21349,153.861,50.583,0.51,60.419,BOSS_DR12_Mao2017_ZOBOV,J/ApJ/835/161
9094,188.246,43.77,0.566,54.846,BOSS_DR12_Mao2017_ZOBOV,J/ApJ/835/161
22148,199.378,44.418,0.643,94.659,BOSS_DR12_Mao2017_ZOBOV,J/ApJ/835/161
4680,230.79,1.045,0.658,39.641,BOSS_DR12_Mao2017_ZOBOV,J/ApJ/835/161
3442,193.617,39.62,0.507,66.153,BOSS_DR12_Mao2017_ZOBOV,J/ApJ/835/161
11658,241.691,5.032,0.48,22.1,BOSS_DR12_Mao2017_ZOBOV,J/ApJ/835/161
18175,204.721,23.855,0.582,65.62,BOSS_DR12_Mao2017_ZOBOV,J/ApJ/835/161
21959,225.251,51.287,0.475,55.644,BOSS_DR12_Mao2017_ZOBOV,J/ApJ/835/161
21565,186.051,60.474,0.511,54.885,BOSS_DR12_Mao2017_ZOBOV,J/ApJ/835/161
11396,197.761,5.66,0.61,47.469,BOSS_DR12_Mao2017_ZOBOV,J/ApJ/835/161
21119,190.904,62.443,0.657,58.569,BOSS_DR12_Mao2017_ZOBOV,J/ApJ/835/161
16630,138.344,48.675,0.574,54.522,BOSS_DR12_Mao2017_ZOBOV,J/ApJ/835/161
11786,191.598,4.738,0.568,78.156,BOSS_DR12_Mao2017_ZOBOV,J/ApJ/835/161
4678,226.974,0.355,0.605,67.616,BOSS_DR12_Mao2017_ZOBOV,J/ApJ/835/161
21463,200.545,49.878,0.499,54.507,BOSS_DR12_Mao2017_ZOBOV,J/ApJ/835/161
17833,203.226,26.146,0.522,48.77,BOSS_DR12_Mao2017_ZOBOV,J/ApJ/835/161
15445,193.085,14.756,0.518,63.52,BOSS_DR12_Mao2017_ZOBOV,J/ApJ/835/161
16196,138.686,11.982,0.653,73.84,BOSS_DR12_Mao2017_ZOBOV,J/ApJ/835/161
4270,243.816,19.008,0.459,60.072,BOSS_DR12_Mao2017_ZOBOV,J/ApJ/835/161
3441,193.925,39.112,0.568,35.724,BOSS_DR12_Mao2017_ZOBOV,J/ApJ/835/161
19601,199.232,30.437,0.461,37.315,BOSS_DR12_Mao2017_ZOBOV,J/ApJ/835/161
13703,227.372,37.616,0.573,52.96,BOSS_DR12_Mao2017_ZOBOV,J/ApJ/835/161
4262,231.521,26.472,0.515,62.968,BOSS_DR12_Mao2017_ZOBOV,J/ApJ/835/161
2634,165.797,-0.817,0.454,30.679,BOSS_DR12_Mao2017_ZOBOV,J/ApJ/835/161
1236,186.739,-0.544,0.649,56.95,BOSS_DR12_Mao2017_ZOBOV,J/ApJ/835/161
12591,243.297,26.857,0.561,57.503,BOSS_DR12_Mao2017_ZOBOV,J/ApJ/835/161
2536,152.573,-0.563,0.54,40.844,BOSS_DR12_Mao2017_ZOBOV,J/ApJ/835/161
8911,147.256,37.828,0.595,59.0,BOSS_DR12_Mao2017_ZOBOV,J/ApJ/835/161
2235,147.461,-0.633,0.495,42.408,BOSS_DR12_Mao2017_ZOBOV,J/ApJ/835/161
16693,140.364,49.459,0.47,55.774,BOSS_DR12_Mao2017_ZOBOV,J/ApJ/835/161
12105,223.133,6.344,0.469,53.674,BOSS_DR12_Mao2017_ZOBOV,J/ApJ/835/161
887,121.662,37.898,0.483,41.254,BOSS_DR12_Mao2017_ZOBOV,J/ApJ/835/161
12778,258.511,26.95,0.477,36.479,BOSS_DR12_Mao2017_ZOBOV,J/ApJ/835/161
16311,201.662,7.986,0.511,33.173,BOSS_DR12_Mao2017_ZOBOV,J/ApJ/835/161
22602,226.184,57.685,0.648,74.874,BOSS_DR12_Mao2017_ZOBOV,J/ApJ/835/161
14960,156.786,11.099,0.554,58.744,BOSS_DR12_Mao2017_ZOBOV,J/ApJ/835/161
11374,187.134,4.371,0.659,61.046,BOSS_DR12_Mao2017_ZOBOV,J/ApJ/835/161
20199,224.958,58.712,0.532,41.139,BOSS_DR12_Mao2017_ZOBOV,J/ApJ/835/161
11752,179.681,3.292,0.457,36.753,BOSS_DR12_Mao2017_ZOBOV,J/ApJ/835/161
5285,227.787,0.513,0.653,41.409,BOSS_DR12_Mao2017_ZOBOV,J/ApJ/835/161
15562,167.948,15.084,0.663,48.656,BOSS_DR12_Mao2017_ZOBOV,J/ApJ/835/161
15417,205.911,9.249,0.452,33.199,BOSS_DR12_Mao2017_ZOBOV,J/ApJ/835/161
21616,176.092,54.264,0.651,76.99,BOSS_DR12_Mao2017_ZOBOV,J/ApJ/835/161
21937,224.392,50.225,0.615,36.04,BOSS_DR12_Mao2017_ZOBOV,J/ApJ/835/161
14673,171.889,9.053,0.632,99.712,BOSS_DR12_Mao2017_ZOBOV,J/ApJ/835/161
3559,217.57,32.725,0.656,62.371,BOSS_DR12_Mao2017_ZOBOV,J/ApJ/835/161
15046,169.489,15.168,0.463,60.487,BOSS_DR12_Mao2017_ZOBOV,J/ApJ/835/161
4350,237.349,19.95,0.545,69.34,BOSS_DR12_Mao2017_ZOBOV,J/ApJ/835/161
11495,124.772,3.454,0.485,34.251,BOSS_DR12_Mao2017_ZOBOV,J/ApJ/835/161
9813,175.455,34.044,0.458,43.129,BOSS_DR12_Mao2017_ZOBOV,J/ApJ/835/161
1211,153.712,-0.75,0.512,27.058,BOSS_DR12_Mao2017_ZOBOV,J/ApJ/835/161
1255,141.55,-0.561,0.573,41.007,BOSS_DR12_Mao2017_ZOBOV,J/ApJ/835/161
15511,215.893,13.208,0.525,56.378,BOSS_DR12_Mao2017_ZOBOV,J/ApJ/835/161
5072,219.904,0.762,0.605,57.254,BOSS_DR12_Mao2017_ZOBOV,J/ApJ/835/161
14252,244.999,33.785,0.588,66.547,BOSS_DR12_Mao2017_ZOBOV,J/ApJ/835/161
17794,141.138,24.9,0.475,68.221,BOSS_DR12_Mao2017_ZOBOV,J/ApJ/835/161
1357,164.07,-0.819,0.583,49.603,BOSS_DR12_Mao2017_ZOBOV,J/ApJ/835/161
3524,205.064,35.822,0.539,63.473,BOSS_DR12_Mao2017_ZOBOV,J/ApJ/835/161
11216,200.286,4.999,0.517,35.714,BOSS_DR12_Mao2017_ZOBOV,J/ApJ/835/161
19841,150.344,22.694,0.576,71.77,BOSS_DR12_Mao2017_ZOBOV,J/ApJ/835/161
21589,174.212,49.094,0.538,64.003,BOSS_DR12_Mao2017_ZOBOV,J/ApJ/835/161
16911,129.404,59.382,0.478,23.83,BOSS_DR12_Mao2017_ZOBOV,J/ApJ/835/161
15951,152.581,14.419,0.641,93.318,BOSS_DR12_Mao2017_ZOBOV,J/ApJ/835/161
17737,135.006,22.627,0.518,47.714,BOSS_DR12_Mao2017_ZOBOV,J/ApJ/835/161
22586,230.79,58.336,0.559,59.387,BOSS_DR12_Mao2017_ZOBOV,J/ApJ/835/161
4204,235.911,25.675,0.512,54.384,BOSS_DR12_Mao2017_ZOBOV,J/ApJ/835/161
12126,133.333,6.939,0.626,34.104,BOSS_DR12_Mao2017_ZOBOV,J/ApJ/835/161
15737,132.568,17.375,0.509,40.824,BOSS_DR12_Mao2017_ZOBOV,J/ApJ/835/161
21432,173.998,48.315,0.463,58.039,BOSS_DR12_Mao2017_ZOBOV,J/ApJ/835/161
10757,181.156,2.828,0.49,28.071,BOSS_DR12_Mao2017_ZOBOV,J/ApJ/835/161
14253,239.285,37.744,0.493,42.652,BOSS_DR12_Mao2017_ZOBOV,J/ApJ/835/161
12768,259.361,26.162,0.62,40.514,BOSS_DR12_Mao2017_ZOBOV,J/ApJ/835/161
17188,140.297,33.357,0.541,72.382,BOSS_DR12_Mao2017_ZOBOV,J/ApJ/835/161
8529,115.287,32.789,0.498,32.342,BOSS_DR12_Mao2017_ZOBOV,J/ApJ/835/161
18319,167.005,20.388,0.485,72.904,BOSS_DR12_Mao2017_ZOBOV,J/ApJ/835/161
20890,171.703,62.088,0.64,88.41,BOSS_DR12_Mao2017_ZOBOV,J/ApJ/835/161
18716,230.402,43.55,0.451,24.489,BOSS_DR12_Mao2017_ZOBOV,J/ApJ/835/161
16296,160.265,11.249,0.53,88.867,BOSS_DR12_Mao2017_ZOBOV,J/ApJ/835/161
16260,157.278,16.169,0.532,59.781,BOSS_DR12_Mao2017_ZOBOV,J/ApJ/835/161
14689,232.097,12.725,0.648,60.694,BOSS_DR12_Mao2017_ZOBOV,J/ApJ/835/161
9026,165.215,43.53,0.555,47.602,BOSS_DR12_Mao2017_ZOBOV,J/ApJ/835/161
21843,174.657,56.341,0.519,49.7,BOSS_DR12_Mao2017_ZOBOV,J/ApJ/835/161
16192,148.407,14.246,0.533,56.286,BOSS_DR12_Mao2017_ZOBOV,J/ApJ/835/161
16268,161.036,16.922,0.505,50.295,BOSS_DR12_Mao2017_ZOBOV,J/ApJ/835/161
19273,164.037,33.231,0.512,40.999,BOSS_DR12_Mao2017_ZOBOV,J/ApJ/835/161
19904,178.868,25.34,0.605,66.447,BOSS_DR12_Mao2017_ZOBOV,J/ApJ/835/161
1395,184.962,-0.39,0.534,25.41,BOSS_DR12_Mao2017_ZOBOV,J/ApJ/835/161
6764,250.989,25.945,0.543,50.707,BOSS_DR12_Mao2017_ZOBOV,J/ApJ/835/161
18632,242.368,42.636,0.459,53.686,BOSS_DR12_Mao2017_ZOBOV,J/ApJ/835/161
1270,155.97,-0.875,0.537,41.462,BOSS_DR12_Mao2017_ZOBOV,J/ApJ/835/161
890,119.454,35.191,0.579,53.178,BOSS_DR12_Mao2017_ZOBOV,J/ApJ/835/161
21120,191.681,62.314,0.616,71.451,BOSS_DR12_Mao2017_ZOBOV,J/ApJ/835/161
18411,191.773,16.916,0.479,50.815,BOSS_DR12_Mao2017_ZOBOV,J/ApJ/835/161
6678,256.588,22.216,0.628,24.866,BOSS_DR12_Mao2017_ZOBOV,J/ApJ/835/161
15010,133.225,7.341,0.513,37.777,BOSS_DR12_Mao2017_ZOBOV,J/ApJ/835/161
8101,121.871,15.451,0.478,50.498,BOSS_DR12_Mao2017_ZOBOV,J/ApJ/835/161
19989,177.092,26.006,0.456,51.355,BOSS_DR12_Mao2017_ZOBOV,J/ApJ/835/161
9847,180.403,32.86,0.461,46.131,BOSS_DR12_Mao2017_ZOBOV,J/ApJ/835/161
5990,217.981,-0.365,0.508,54.595,BOSS_DR12_Mao2017_ZOBOV,J/ApJ/835/161
19957,169.103,20.977,0.576,44.299,BOSS_DR12_Mao2017_ZOBOV,J/ApJ/835/161
19613,188.006,29.521,0.538,61.489,BOSS_DR12_Mao2017_ZOBOV,J/ApJ/835/161
17328,220.054,26.92,0.499,22.323,BOSS_DR12_Mao2017_ZOBOV,J/ApJ/835/161
12747,254.916,30.779,0.541,55.399,BOSS_DR12_Mao2017_ZOBOV,J/ApJ/835/161
12360,226.578,6.06,0.458,39.265,BOSS_DR12_Mao2017_ZOBOV,J/ApJ/835/161
10833,158.003,2.862,0.616,25.076,BOSS_DR12_Mao2017_ZOBOV,J/ApJ/835/161
19839,164.666,25.125,0.624,61.201,BOSS_DR12_Mao2017_ZOBOV,J/ApJ/835/161
13929,132.276,30.919,0.526,34.505,BOSS_DR12_Mao2017_ZOBOV,J/ApJ/835/161
13931,133.575,31.836,0.572,55.933,BOSS_DR12_Mao2017_ZOBOV,J/ApJ/835/161
12135,129.854,5.672,0.488,22.129,BOSS_DR12_Mao2017_ZOBOV,J/ApJ/835/161
11861,208.226,5.31,0.577,43.079,BOSS_DR12_Mao2017_ZOBOV,J/ApJ/835/161
4282,230.24,22.849,0.553,53.662,BOSS_DR12_Mao2017_ZOBOV,J/ApJ/835/161
21985,204.181,55.706,0.456,43.573,BOSS_DR12_Mao2017_ZOBOV,J/ApJ/835/161
11128,166.289,4.245,0.579,41.839,BOSS_DR12_Mao2017_ZOBOV,J/ApJ/835/161
14984,150.589,10.021,0.471,63.479,BOSS_DR12_Mao2017_ZOBOV,J/ApJ/835/161
14345,247.612,39.902,0.477,75.612,BOSS_DR12_Mao2017_ZOBOV,J/ApJ/835/161
15232,217.846,10.671,0.488,38.616,BOSS_DR12_Mao2017_ZOBOV,J/ApJ/835/161
3606,206.866,36.398,0.605,58.982,BOSS_DR12_Mao2017_ZOBOV,J/ApJ/835/161
16553,136.335,58.61,0.469,72.599,BOSS_DR12_Mao2017_ZOBOV,J/ApJ/835/161
17861,144.877,22.537,0.661,43.431,BOSS_DR12_Mao2017_ZOBOV,J/ApJ/835/161
4661,231.953,0.944,0.465,37.244,BOSS_DR12_Mao2017_ZOBOV,J/ApJ/835/161
898,122.236,38.802,0.52,47.296,BOSS_DR12_Mao2017_ZOBOV,J/ApJ/835/161
19781,187.454,31.37,0.559,26.866,BOSS_DR12_Mao2017_ZOBOV,J/ApJ/835/161
15595,197.773,12.503,0.663,61.674,BOSS_DR12_Mao2017_ZOBOV,J/ApJ/835/161
734,111.2,40.586,0.553,16.123,BOSS_DR12_Mao2017_ZOBOV,J/ApJ/835/161
8772,151.594,44.012,0.507,53.279,BOSS_DR12_Mao2017_ZOBOV,J/ApJ/835/161
14854,193.314,10.844,0.511,60.035,BOSS_DR12_Mao2017_ZOBOV,J/ApJ/835/161
14307,250.395,30.901,0.5,51.255,BOSS_DR12_Mao2017_ZOBOV,J/ApJ/835/161
17894,183.438,24.447,0.552,65.635,BOSS_DR12_Mao2017_ZOBOV,J/ApJ/835/161
17822,201.289,26.094,0.461,52.504,BOSS_DR12_Mao2017_ZOBOV,J/ApJ/835/161
15251,196.406,11.659,0.563,80.408,BOSS_DR12_Mao2017_ZOBOV,J/ApJ/835/161
22048,185.406,47.883,0.552,48.601,BOSS_DR12_Mao2017_ZOBOV,J/ApJ/835/161
9931,231.362,27.93,0.463,48.322,BOSS_DR12_Mao2017_ZOBOV,J/ApJ/835/161
3491,197.682,35.898,0.649,37.032,BOSS_DR12_Mao2017_ZOBOV,J/ApJ/835/161
906,122.25,39.925,0.471,25.06,BOSS_DR12_Mao2017_ZOBOV,J/ApJ/835/161
353,122.482,52.167,0.617,62.37,BOSS_DR12_Mao2017_ZOBOV,J/ApJ/835/161
19789,157.33,30.931,0.453,52.098,BOSS_DR12_Mao2017_ZOBOV,J/ApJ/835/161
13055,236.789,33.413,0.652,77.758,BOSS_DR12_Mao2017_ZOBOV,J/ApJ/835/161
773,119.151,37.103,0.548,30.914,BOSS_DR12_Mao2017_ZOBOV,J/ApJ/835/161
21833,208.156,48.005,0.572,77.245,BOSS_DR12_Mao2017_ZOBOV,J/ApJ/835/161
139,119.043,43.931,0.531,59.004,BOSS_DR12_Mao2017_ZOBOV,J/ApJ/835/161
4653,202.753,-0.07,0.464,53.474,BOSS_DR12_Mao2017_ZOBOV,J/ApJ/835/161
13608,128.501,53.71,0.525,56.558,BOSS_DR12_Mao2017_ZOBOV,J/ApJ/835/161
14443,232.562,8.22,0.541,47.25,BOSS_DR12_Mao2017_ZOBOV,J/ApJ/835/161
9816,180.997,34.628,0.66,57.073,BOSS_DR12_Mao2017_ZOBOV,J/ApJ/835/161
4241,234.264,23.718,0.66,65.442,BOSS_DR12_Mao2017_ZOBOV,J/ApJ/835/161
18590,224.647,42.725,0.659,42.889,BOSS_DR12_Mao2017_ZOBOV,J/ApJ/835/161
19825,176.624,29.067,0.509,65.89,BOSS_DR12_Mao2017_ZOBOV,J/ApJ/835/161
21396,157.354,48.857,0.559,74.281,BOSS_DR12_Mao2017_ZOBOV,J/ApJ/835/161
4335,229.988,20.961,0.459,62.025,BOSS_DR12_Mao2017_ZOBOV,J/ApJ/835/161
20968,197.323,65.043,0.514,56.628,BOSS_DR12_Mao2017_ZOBOV,J/ApJ/835/161
7658,118.432,19.562,0.585,57.894,BOSS_DR12_Mao2017_ZOBOV,J/ApJ/835/161
15070,180.852,15.02,0.561,34.963,BOSS_DR12_Mao2017_ZOBOV,J/ApJ/835/161
21562,182.443,59.499,0.557,55.993,BOSS_DR12_Mao2017_ZOBOV,J/ApJ/835/161
16153,155.696,16.937,0.655,74.853,BOSS_DR12_Mao2017_ZOBOV,J/ApJ/835/161
4156,241.87,25.035,0.465,33.097,BOSS_DR12_Mao2017_ZOBOV,J/ApJ/835/161
18618,234.961,42.79,0.597,82.918,BOSS_DR12_Mao2017_ZOBOV,J/ApJ/835/161
16507,145.298,46.406,0.672,41.209,BOSS_DR12_Mao2017_ZOBOV,J/ApJ/835/161
2607,134.689,2.61,0.471,48.4,BOSS_DR12_Mao2017_ZOBOV,J/ApJ/835/161
15616,198.151,14.281,0.6,51.914,BOSS_DR12_Mao2017_ZOBOV,J/ApJ/835/161
12543,179.496,5.525,0.5,52.739,BOSS_DR12_Mao2017_ZOBOV,J/ApJ/835/161
16497,135.713,52.541,0.478,48.677,BOSS_DR12_Mao2017_ZOBOV,J/ApJ/835/161
12263,200.632,6.304,0.656,62.799,BOSS_DR12_Mao2017_ZOBOV,J/ApJ/835/161
7610,124.101,26.647,0.576,67.201,BOSS_DR12_Mao2017_ZOBOV,J/ApJ/835/161
13615,128.868,55.329,0.565,46.581,BOSS_DR12_Mao2017_ZOBOV,J/ApJ/835/161
21161,231.672,51.066,0.487,28.183,BOSS_DR12_Mao2017_ZOBOV,J/ApJ/835/161
17190,148.483,32.669,0.473,48.43,BOSS_DR12_Mao2017_ZOBOV,J/ApJ/835/161
4681,196.911,0.437,0.547,55.604,BOSS_DR12_Mao2017_ZOBOV,J/ApJ/835/161
3697,194.365,33.643,0.641,68.586,BOSS_DR12_Mao2017_ZOBOV,J/ApJ/835/161
4362,231.828,18.899,0.662,36.175,BOSS_DR12_Mao2017_ZOBOV,J/ApJ/835/161
3521,197.98,37.565,0.506,48.418,BOSS_DR12_Mao2017_ZOBOV,J/ApJ/835/161
6772,250.287,26.285,0.593,52.919,BOSS_DR12_Mao2017_ZOBOV,J/ApJ/835/161
17772,145.85,22.558,0.462,45.64,BOSS_DR12_Mao2017_ZOBOV,J/ApJ/835/161
16610,136.324,49.187,0.655,70.769,BOSS_DR12_Mao2017_ZOBOV,J/ApJ/835/161
7635,123.577,26.117,0.46,53.031,BOSS_DR12_Mao2017_ZOBOV,J/ApJ/835/161
15596,201.813,13.668,0.463,53.332,BOSS_DR12_Mao2017_ZOBOV,J/ApJ/835/161
21868,172.937,46.448,0.65,81.266,BOSS_DR12_Mao2017_ZOBOV,J/ApJ/835/161
15240,165.23,12.657,0.64,58.47,BOSS_DR12_Mao2017_ZOBOV,J/ApJ/835/161
18106,200.485,22.071,0.46,61.53,BOSS_DR12_Mao2017_ZOBOV,J/ApJ/835/161
6161,248.666,17.316,0.643,73.905,BOSS_DR12_Mao2017_ZOBOV,J/ApJ/835/161
12467,240.019,11.599,0.496,34.452,BOSS_DR12_Mao2017_ZOBOV,J/ApJ/835/161
12777,259.303,26.513,0.593,41.955,BOSS_DR12_Mao2017_ZOBOV,J/ApJ/835/161
6214,241.971,19.115,0.645,81.969,BOSS_DR12_Mao2017_ZOBOV,J/ApJ/835/161
21258,168.998,54.523,0.522,51.295,BOSS_DR12_Mao2017_ZOBOV,J/ApJ/835/161
16016,225.843,12.934,0.595,54.961,BOSS_DR12_Mao2017_ZOBOV,J/ApJ/835/161
8978,149.234,35.676,0.455,48.582,BOSS_DR12_Mao2017_ZOBOV,J/ApJ/835/161
2628,161.019,-0.288,0.662,43.145,BOSS_DR12_Mao2017_ZOBOV,J/ApJ/835/161
16300,199.556,11.447,0.623,41.397,BOSS_DR12_Mao2017_ZOBOV,J/ApJ/835/161
7685,116.682,19.581,0.56,45.819,BOSS_DR12_Mao2017_ZOBOV,J/ApJ/835/161
5079,224.651,0.487,0.651,58.408,BOSS_DR12_Mao2017_ZOBOV,J/ApJ/835/161
17908,193.443,25.632,0.529,55.564,BOSS_DR12_Mao2017_ZOBOV,J/ApJ/835/161
13604,131.281,52.186,0.658,39.316,BOSS_DR12_Mao2017_ZOBOV,J/ApJ/835/161
14869,188.578,9.854,0.531,77.786,BOSS_DR12_Mao2017_ZOBOV,J/ApJ/835/161
20938,216.743,61.153,0.493,58.744,BOSS_DR12_Mao2017_ZOBOV,J/ApJ/835/161
14851,176.53,10.947,0.487,58.23,BOSS_DR12_Mao2017_ZOBOV,J/ApJ/835/161
19902,169.85,23.788,0.55,45.184,BOSS_DR12_Mao2017_ZOBOV,J/ApJ/835/161
310,115.895,43.002,0.496,51.302,BOSS_DR12_Mao2017_ZOBOV,J/ApJ/835/161
3298,214.769,34.42,0.539,35.036,BOSS_DR12_Mao2017_ZOBOV,J/ApJ/835/161
17314,136.628,25.141,0.58,59.485,BOSS_DR12_Mao2017_ZOBOV,J/ApJ/835/161
21443,180.971,49.733,0.545,62.104,BOSS_DR12_Mao2017_ZOBOV,J/ApJ/835/161
21788,224.759,54.917,0.482,49.425,BOSS_DR12_Mao2017_ZOBOV,J/ApJ/835/161
4620,197.55,-0.076,0.489,31.513,BOSS_DR12_Mao2017_ZOBOV,J/ApJ/835/161
15466,211.661,12.467,0.595,35.907,BOSS_DR12_Mao2017_ZOBOV,J/ApJ/835/161
2236,149.677,-0.704,0.46,40.499,BOSS_DR12_Mao2017_ZOBOV,J/ApJ/835/161
18030,196.331,22.504,0.635,77.419,BOSS_DR12_Mao2017_ZOBOV,J/ApJ/835/161
46,115.372,38.18,0.468,36.28,BOSS_DR12_Mao2017_ZOBOV,J/ApJ/835/161
9757,168.878,37.382,0.51,52.042,BOSS_DR12_Mao2017_ZOBOV,J/ApJ/835/161
14993,152.599,10.728,0.606,43.059,BOSS_DR12_Mao2017_ZOBOV,J/ApJ/835/161
17178,146.106,34.085,0.568,61.185,BOSS_DR12_Mao2017_ZOBOV,J/ApJ/835/161
15273,178.527,7.178,0.543,59.347,BOSS_DR12_Mao2017_ZOBOV,J/ApJ/835/161
13551,216.867,38.744,0.628,54.388,BOSS_DR12_Mao2017_ZOBOV,J/ApJ/835/161
22014,194.521,46.938,0.548,64.425,BOSS_DR12_Mao2017_ZOBOV,J/ApJ/835/161
18624,237.101,46.479,0.61,67.001,BOSS_DR12_Mao2017_ZOBOV,J/ApJ/835/161
17698,213.157,22.945,0.662,59.386,BOSS_DR12_Mao2017_ZOBOV,J/ApJ/835/161
21112,209.444,58.943,0.564,67.514,BOSS_DR12_Mao2017_ZOBOV,J/ApJ/835/161
17146,164.278,17.209,0.496,41.248,BOSS_DR12_Mao2017_ZOBOV,J/ApJ/835/161
13605,134.625,54.78,0.589,68.757,BOSS_DR12_Mao2017_ZOBOV,J/ApJ/835/161
15191,159.806,10.148,0.642,86.374,BOSS_DR12_Mao2017_ZOBOV,J/ApJ/835/161
8920,144.585,36.365,0.658,70.463,BOSS_DR12_Mao2017_ZOBOV,J/ApJ/835/161
11196,124.929,3.452,0.559,43.811,BOSS_DR12_Mao2017_ZOBOV,J/ApJ/835/161
6231,245.49,15.726,0.533,64.422,BOSS_DR12_Mao2017_ZOBOV,J/ApJ/835/161
13181,246.227,30.633,0.563,49.488,BOSS_DR12_Mao2017_ZOBOV,J/ApJ/835/161
1253,139.555,-0.047,0.596,44.935,BOSS_DR12_Mao2017_ZOBOV,J/ApJ/835/161
21702,206.853,53.332,0.648,67.235,BOSS_DR12_Mao2017_ZOBOV,J/ApJ/835/161
16506,150.807,45.755,0.643,69.465,BOSS_DR12_Mao2017_ZOBOV,J/ApJ/835/161
7409,126.976,30.477,0.663,35.366,BOSS_DR12_Mao2017_ZOBOV,J/ApJ/835/161
15953,146.057,14.934,0.478,37.162,BOSS_DR12_Mao2017_ZOBOV,J/ApJ/835/161
1171,194.26,-0.37,0.517,31.619,BOSS_DR12_Mao2017_ZOBOV,J/ApJ/835/161
14212,133.415,20.232,0.5,41.315,BOSS_DR12_Mao2017_ZOBOV,J/ApJ/835/161
21437,195.593,49.658,0.468,47.026,BOSS_DR12_Mao2017_ZOBOV,J/ApJ/835/161
12627,243.745,27.586,0.458,31.373,BOSS_DR12_Mao2017_ZOBOV,J/ApJ/835/161
22230,212.257,48.531,0.512,47.64,BOSS_DR12_Mao2017_ZOBOV,J/ApJ/835/161
20209,240.059,50.762,0.638,104.126,BOSS_DR12_Mao2017_ZOBOV,J/ApJ/835/161
7075,117.213,27.956,0.564,47.071,BOSS_DR12_Mao2017_ZOBOV,J/ApJ/835/161
19903,176.098,24.12,0.593,46.713,BOSS_DR12_Mao2017_ZOBOV,J/ApJ/835/161
2616,153.316,-0.499,0.576,37.911,BOSS_DR12_Mao2017_ZOBOV,J/ApJ/835/161
283,121.96,52.621,0.47,40.695,BOSS_DR12_Mao2017_ZOBOV,J/ApJ/835/161
21819,198.978,47.591,0.577,60.675,BOSS_DR12_Mao2017_ZOBOV,J/ApJ/835/161
19995,170.921,24.414,0.618,66.953,BOSS_DR12_Mao2017_ZOBOV,J/ApJ/835/161
12018,160.435,6.858,0.602,80.26,BOSS_DR12_Mao2017_ZOBOV,J/ApJ/835/161
14367,238.579,38.824,0.617,72.994,BOSS_DR12_Mao2017_ZOBOV,J/ApJ/835/161
17851,138.765,19.2,0.655,65.102,BOSS_DR12_Mao2017_ZOBOV,J/ApJ/835/161
6576,253.727,19.974,0.6,36.208,BOSS_DR12_Mao2017_ZOBOV,J/ApJ/835/161
15190,224.135,9.15,0.511,52.815,BOSS_DR12_Mao2017_ZOBOV,J/ApJ/835/161
21899,192.242,46.368,0.629,67.491,BOSS_DR12_Mao2017_ZOBOV,J/ApJ/835/161
14868,188.216,11.15,0.486,55.475,BOSS_DR12_Mao2017_ZOBOV,J/ApJ/835/161
21759,222.427,52.381,0.522,53.902,BOSS_DR12_Mao2017_ZOBOV,J/ApJ/835/161
11147,152.082,3.954,0.517,34.223,BOSS_DR12_Mao2017_ZOBOV,J/ApJ/835/161
17114,227.154,20.985,0.515,24.142,BOSS_DR12_Mao2017_ZOBOV,J/ApJ/835/161
17405,219.666,25.442,0.648,57.522,BOSS_DR12_Mao2017_ZOBOV,J/ApJ/835/161
11926,202.269,6.054,0.537,44.551,BOSS_DR12_Mao2017_ZOBOV,J/ApJ/835/161
9689,169.7,37.607,0.653,64.906,BOSS_DR12_Mao2017_ZOBOV,J/ApJ/835/161
4723,212.033,-0.205,0.614,63.38,BOSS_DR12_Mao2017_ZOBOV,J/ApJ/835/161
970,119.926,33.766,0.481,60.886,BOSS_DR12_Mao2017_ZOBOV,J/ApJ/835/161
18083,159.972,20.424,0.651,67.72,BOSS_DR12_Mao2017_ZOBOV,J/ApJ/835/161
4860,195.859,0.982,0.458,23.926,BOSS_DR12_Mao2017_ZOBOV,J/ApJ/835/161
17072,174.069,16.212,0.575,31.574,BOSS_DR12_Mao2017_ZOBOV,J/ApJ/835/161
17847,138.767,18.837,0.546,53.152,BOSS_DR12_Mao2017_ZOBOV,J/ApJ/835/161
4875,230.211,1.084,0.533,40.654,BOSS_DR12_Mao2017_ZOBOV,J/ApJ/835/161
1219,163.835,-0.736,0.651,51.2,BOSS_DR12_Mao2017_ZOBOV,J/ApJ/835/161
15447,197.691,13.927,0.523,62.156,BOSS_DR12_Mao2017_ZOBOV,J/ApJ/835/161
7993,126.592,19.814,0.634,54.212,BOSS_DR12_Mao2017_ZOBOV,J/ApJ/835/161
14866,176.591,10.65,0.547,68.091,BOSS_DR12_Mao2017_ZOBOV,J/ApJ/835/161
21397,160.444,50.191,0.49,38.101,BOSS_DR12_Mao2017_ZOBOV,J/ApJ/835/161
14840,190.703,8.529,0.655,59.386,BOSS_DR12_Mao2017_ZOBOV,J/ApJ/835/161
13598,134.997,52.925,0.628,52.788,BOSS_DR12_Mao2017_ZOBOV,J/ApJ/835/161
20250,168.175,66.05,0.515,28.928,BOSS_DR12_Mao2017_ZOBOV,J/ApJ/835/161
14368,250.219,30.571,0.644,48.248,BOSS_DR12_Mao2017_ZOBOV,J/ApJ/835/161
16021,225.87,12.87,0.462,64.148,BOSS_DR12_Mao2017_ZOBOV,J/ApJ/835/161
9724,173.99,41.386,0.459,59.161,BOSS_DR12_Mao2017_ZOBOV,J/ApJ/835/161
18739,249.353,50.312,0.659,63.29,BOSS_DR12_Mao2017_ZOBOV,J/ApJ/835/161
22100,206.034,42.797,0.565,82.288,BOSS_DR12_Mao2017_ZOBOV,J/ApJ/835/161
7247,122.775,30.055,0.514,41.362,BOSS_DR12_Mao2017_ZOBOV,J/ApJ/835/161
19828,155.78,22.979,0.566,40.242,BOSS_DR12_Mao2017_ZOBOV,J/ApJ/835/161
6575,249.798,24.984,0.507,43.19,BOSS_DR12_Mao2017_ZOBOV,J/ApJ/835/161
19174,155.192,32.921,0.579,54.512,BOSS_DR12_Mao2017_ZOBOV,J/ApJ/835/161
12019,160.116,6.762,0.551,44.835,BOSS_DR12_Mao2017_ZOBOV,J/ApJ/835/161
11872,213.914,5.726,0.552,45.356,BOSS_DR12_Mao2017_ZOBOV,J/ApJ/835/161
7976,119.149,14.631,0.579,61.624,BOSS_DR12_Mao2017_ZOBOV,J/ApJ/835/161
12804,258.376,29.798,0.465,39.198,BOSS_DR12_Mao2017_ZOBOV,J/ApJ/835/161
9083,189.842,41.991,0.506,19.635,BOSS_DR12_Mao2017_ZOBOV,J/ApJ/835/161
9168,192.466,42.309,0.635,54.875,BOSS_DR12_Mao2017_ZOBOV,J/ApJ/835/161
21422,182.891,49.671,0.58,51.662,BOSS_DR12_Mao2017_ZOBOV,J/ApJ/835/161
1943,173.05,-0.759,0.564,55.174,BOSS_DR12_Mao2017_ZOBOV,J/ApJ/835/161
3302,225.891,30.137,0.654,53.148,BOSS_DR12_Mao2017_ZOBOV,J/ApJ/835/161
9052,230.231,35.119,0.464,56.135,BOSS_DR12_Mao2017_ZOBOV,J/ApJ/835/161
8992,149.089,37.63,0.559,56.644,BOSS_DR12_Mao2017_ZOBOV,J/ApJ/835/161
19817,165.583,26.646,0.644,53.356,BOSS_DR12_Mao2017_ZOBOV,J/ApJ/835/161
7404,126.305,29.961,0.571,53.905,BOSS_DR12_Mao2017_ZOBOV,J/ApJ/835/161
11932,170.961,6.642,0.52,44.464,BOSS_DR12_Mao2017_ZOBOV,J/ApJ/835/161
17793,148.408,26.246,0.528,50.278,BOSS_DR12_Mao2017_ZOBOV,J/ApJ/835/161
22741,177.811,46.224,0.497,50.09,BOSS_DR12_Mao2017_ZOBOV,J/ApJ/835/161
14385,241.929,7.448,0.492,34.876,BOSS_DR12_Mao2017_ZOBOV,J/ApJ/835/161
16512,131.716,59.33,0.661,47.99,BOSS_DR12_Mao2017_ZOBOV,J/ApJ/835/161
16031,218.348,14.376,0.461,47.325,BOSS_DR12_Mao2017_ZOBOV,J/ApJ/835/161
10595,188.053,3.454,0.516,61.329,BOSS_DR12_Mao2017_ZOBOV,J/ApJ/835/161
22188,219.178,48.13,0.468,52.561,BOSS_DR12_Mao2017_ZOBOV,J/ApJ/835/161
18504,246.46,45.917,0.654,60.644,BOSS_DR12_Mao2017_ZOBOV,J/ApJ/835/161
19161,169.499,21.085,0.457,51.02,BOSS_DR12_Mao2017_ZOBOV,J/ApJ/835/161
17926,190.881,25.504,0.621,57.554,BOSS_DR12_Mao2017_ZOBOV,J/ApJ/835/161
19434,207.992,29.093,0.501,40.494,BOSS_DR12_Mao2017_ZOBOV,J/ApJ/835/161
21271,158.851,52.871,0.476,44.645,BOSS_DR12_Mao2017_ZOBOV,J/ApJ/835/161
10550,187.358,1.551,0.588,29.444,BOSS_DR12_Mao2017_ZOBOV,J/ApJ/835/161
15116,174.515,12.515,0.519,48.703,BOSS_DR12_Mao2017_ZOBOV,J/ApJ/835/161
21527,196.371,58.983,0.573,35.578,BOSS_DR12_Mao2017_ZOBOV,J/ApJ/835/161
21677,195.56,55.059,0.552,52.537,BOSS_DR12_Mao2017_ZOBOV,J/ApJ/835/161
7231,128.672,34.895,0.532,30.984,BOSS_DR12_Mao2017_ZOBOV,J/ApJ/835/161
15569,163.038,16.286,0.647,86.047,BOSS_DR12_Mao2017_ZOBOV,J/ApJ/835/161
12784,258.398,29.297,0.635,56.327,BOSS_DR12_Mao2017_ZOBOV,J/ApJ/835/161
991,127.151,38.742,0.521,47.993,BOSS_DR12_Mao2017_ZOBOV,J/ApJ/835/161
14660,195.635,8.386,0.485,62.582,BOSS_DR12_Mao2017_ZOBOV,J/ApJ/835/161
19826,176.846,28.83,0.472,61.544,BOSS_DR12_Mao2017_ZOBOV,J/ApJ/835/161
4007,212.461,31.449,0.489,47.934,BOSS_DR12_Mao2017_ZOBOV,J/ApJ/835/161
17692,220.177,20.306,0.481,53.746,BOSS_DR12_Mao2017_ZOBOV,J/ApJ/835/161
16643,146.326,53.865,0.635,83.422,BOSS_DR12_Mao2017_ZOBOV,J/ApJ/835/161
19814,177.889,26.032,0.526,55.716,BOSS_DR12_Mao2017_ZOBOV,J/ApJ/835/161
10596,191.065,4.105,0.459,52.442,BOSS_DR12_Mao2017_ZOBOV,J/ApJ/835/161
17689,207.853,22.768,0.565,38.111,BOSS_DR12_Mao2017_ZOBOV,J/ApJ/835/161
5074,221.008,1.004,0.467,51.497,BOSS_DR12_Mao2017_ZOBOV,J/ApJ/835/161
17264,147.092,32.487,0.654,65.292,BOSS_DR12_Mao2017_ZOBOV,J/ApJ/835/161
18592,218.729,43.834,0.573,77.666,BOSS_DR12_Mao2017_ZOBOV,J/ApJ/835/161
20075,180.187,41.529,0.545,42.486,BOSS_DR12_Mao2017_ZOBOV,J/ApJ/835/161
21754,207.477,56.464,0.472,51.987,BOSS_DR12_Mao2017_ZOBOV,J/ApJ/835/161
15280,176.394,8.144,0.51,39.461,BOSS_DR12_Mao2017_ZOBOV,J/ApJ/835/161
17623,210.629,26.267,0.46,47.004,BOSS_DR12_Mao2017_ZOBOV,J/ApJ/835/161
17327,219.011,25.233,0.568,79.79,BOSS_DR12_Mao2017_ZOBOV,J/ApJ/835/161
16321,181.249,9.926,0.518,42.124,BOSS_DR12_Mao2017_ZOBOV,J/ApJ/835/161
20249,166.778,65.573,0.575,36.238,BOSS_DR12_Mao2017_ZOBOV,J/ApJ/835/161
19423,164.352,30.684,0.467,48.82,BOSS_DR12_Mao2017_ZOBOV,J/ApJ/835/161
17901,185.373,26.397,0.464,60.569,BOSS_DR12_Mao2017_ZOBOV,J/ApJ/835/161
11055,144.837,3.636,0.543,52.161,BOSS_DR12_Mao2017_ZOBOV,J/ApJ/835/161
15536,149.662,11.747,0.583,45.839,BOSS_DR12_Mao2017_ZOBOV,J/ApJ/835/161
7759,121.629,20.919,0.66,54.829,BOSS_DR12_Mao2017_ZOBOV,J/ApJ/835/161
12708,258.287,32.441,0.455,37.711,BOSS_DR12_Mao2017_ZOBOV,J/ApJ/835/161
12173,125.781,6.439,0.486,30.568,BOSS_DR12_Mao2017_ZOBOV,J/ApJ/835/161
17750,136.408,22.542,0.656,77.837,BOSS_DR12_Mao2017_ZOBOV,J/ApJ/835/161
1168,192.608,-0.836,0.561,47.814,BOSS_DR12_Mao2017_ZOBOV,J/ApJ/835/161
15533,226.58,12.714,0.549,56.35,BOSS_DR12_Mao2017_ZOBOV,J/ApJ/835/161
14435,241.372,9.02,0.462,52.0,BOSS_DR12_Mao2017_ZOBOV,J/ApJ/835/161
9095,164.411,40.471,0.452,27.278,BOSS_DR12_Mao2017_ZOBOV,J/ApJ/835/161
13394,256.029,28.817,0.592,26.226,BOSS_DR12_Mao2017_ZOBOV,J/ApJ/835/161
16505,147.605,44.832,0.461,63.315,BOSS_DR12_Mao2017_ZOBOV,J/ApJ/835/161
15353,205.673,9.479,0.53,52.089,BOSS_DR12_Mao2017_ZOBOV,J/ApJ/835/161
12341,233.721,6.476,0.484,59.968,BOSS_DR12_Mao2017_ZOBOV,J/ApJ/835/161
16580,135.279,59.568,0.515,55.3,BOSS_DR12_Mao2017_ZOBOV,J/ApJ/835/161
14809,177.05,9.084,0.611,77.932,BOSS_DR12_Mao2017_ZOBOV,J/ApJ/835/161
18198,211.973,22.518,0.57,68.642,BOSS_DR12_Mao2017_ZOBOV,J/ApJ/835/161
21108,180.162,61.338,0.465,54.259,BOSS_DR12_Mao2017_ZOBOV,J/ApJ/835/161
17756,139.875,25.126,0.555,43.16,BOSS_DR12_Mao2017_ZOBOV,J/ApJ/835/161
22196,182.705,42.833,0.457,50.033,BOSS_DR12_Mao2017_ZOBOV,J/ApJ/835/161
14972,138.876,9.14,0.573,91.767,BOSS_DR12_Mao2017_ZOBOV,J/ApJ/835/161
1176,184.764,-0.018,0.553,17.151,BOSS_DR12_Mao2017_ZOBOV,J/ApJ/835/161
17708,217.248,22.238,0.457,30.653,BOSS_DR12_Mao2017_ZOBOV,J/ApJ/835/161
8779,145.716,42.2,0.528,59.982,BOSS_DR12_Mao2017_ZOBOV,J/ApJ/835/161
11210,187.364,4.395,0.461,43.689,BOSS_DR12_Mao2017_ZOBOV,J/ApJ/835/161
18751,255.41,42.768,0.522,48.215,BOSS_DR12_Mao2017_ZOBOV,J/ApJ/835/161
22307,243.455,56.236,0.462,46.026,BOSS_DR12_Mao2017_ZOBOV,J/ApJ/835/161
12080,144.709,7.787,0.587,53.767,BOSS_DR12_Mao2017_ZOBOV,J/ApJ/835/161
10838,164.036,2.997,0.572,23.268,BOSS_DR12_Mao2017_ZOBOV,J/ApJ/835/161
18371,181.486,16.577,0.511,45.207,BOSS_DR12_Mao2017_ZOBOV,J/ApJ/835/161
11892,128.453,5.776,0.519,56.254,BOSS_DR12_Mao2017_ZOBOV,J/ApJ/835/161
12841,258.721,32.779,0.594,72.932,BOSS_DR12_Mao2017_ZOBOV,J/ApJ/835/161
3520,194.391,37.55,0.657,61.016,BOSS_DR12_Mao2017_ZOBOV,J/ApJ/835/161
21053,180.94,60.654,0.648,74.638,BOSS_DR12_Mao2017_ZOBOV,J/ApJ/835/161
16741,139.26,63.851,0.567,24.974,BOSS_DR12_Mao2017_ZOBOV,J/ApJ/835/161
16366,128.503,9.726,0.526,33.381,BOSS_DR12_Mao2017_ZOBOV,J/ApJ/835/161
7668,126.52,24.389,0.515,40.919,BOSS_DR12_Mao2017_ZOBOV,J/ApJ/835/161
13763,130.036,58.136,0.55,59.551,BOSS_DR12_Mao2017_ZOBOV,J/ApJ/835/161
14846,164.16,9.002,0.553,59.656,BOSS_DR12_Mao2017_ZOBOV,J/ApJ/835/161
13129,242.744,35.793,0.51,57.094,BOSS_DR12_Mao2017_ZOBOV,J/ApJ/835/161
12867,255.314,30.8,0.613,62.437,BOSS_DR12_Mao2017_ZOBOV,J/ApJ/835/161
1275,169.465,-0.837,0.636,49.701,BOSS_DR12_Mao2017_ZOBOV,J/ApJ/835/161
11400,202.163,4.579,0.503,26.209,BOSS_DR12_Mao2017_ZOBOV,J/ApJ/835/161
11588,220.555,5.49,0.625,47.468,BOSS_DR12_Mao2017_ZOBOV,J/ApJ/835/161
3707,204.088,35.09,0.657,46.129,BOSS_DR12_Mao2017_ZOBOV,J/ApJ/835/161
4920,208.191,1.575,0.5,34.089,BOSS_DR12_Mao2017_ZOBOV,J/ApJ/835/161
1361,167.325,-0.829,0.479,49.231,BOSS_DR12_Mao2017_ZOBOV,J/ApJ/835/161
21698,212.438,51.004,0.578,54.65,BOSS_DR12_Mao2017_ZOBOV,J/ApJ/835/161
13028,240.773,29.796,0.574,59.756,BOSS_DR12_Mao2017_ZOBOV,J/ApJ/835/161
12396,243.627,8.154,0.505,29.896,BOSS_DR12_Mao2017_ZOBOV,J/ApJ/835/161
1223,168.368,-1.147,0.548,30.422,BOSS_DR12_Mao2017_ZOBOV,J/ApJ/835/161
1338,188.935,0.29,0.534,57.668,BOSS_DR12_Mao2017_ZOBOV,J/ApJ/835/161
18663,210.096,42.993,0.656,59.934,BOSS_DR12_Mao2017_ZOBOV,J/ApJ/835/161
12145,127.075,6.025,0.579,52.017,BOSS_DR12_Mao2017_ZOBOV,J/ApJ/835/161
7639,127.272,27.412,0.603,52.358,BOSS_DR12_Mao2017_ZOBOV,J/ApJ/835/161
15430,224.599,8.206,0.456,39.112,BOSS_DR12_Mao2017_ZOBOV,J/ApJ/835/161
4293,231.249,24.906,0.613,66.615,BOSS_DR12_Mao2017_ZOBOV,J/ApJ/835/161
13679,129.205,44.964,0.492,40.746,BOSS_DR12_Mao2017_ZOBOV,J/ApJ/835/161
3421,226.2,29.496,0.533,48.149,BOSS_DR12_Mao2017_ZOBOV,J/ApJ/835/161
7232,127.643,34.488,0.582,44.13,BOSS_DR12_Mao2017_ZOBOV,J/ApJ/835/161
1070,119.365,30.082,0.506,30.791,BOSS_DR12_Mao2017_ZOBOV,J/ApJ/835/161
8589,125.631,19.249,0.462,57.647,BOSS_DR12_Mao2017_ZOBOV,J/ApJ/835/161
22165,213.522,46.849,0.585,59.203,BOSS_DR12_Mao2017_ZOBOV,J/ApJ/835/161
8258,127.318,14.711,0.509,46.423,BOSS_DR12_Mao2017_ZOBOV,J/ApJ/835/161
21141,167.675,63.669,0.48,77.157,BOSS_DR12_Mao2017_ZOBOV,J/ApJ/835/161
1256,142.942,-0.48,0.545,41.963,BOSS_DR12_Mao2017_ZOBOV,J/ApJ/835/161
13097,237.467,35.332,0.499,46.875,BOSS_DR12_Mao2017_ZOBOV,J/ApJ/835/161
12079,144.385,7.108,0.527,40.925,BOSS_DR12_Mao2017_ZOBOV,J/ApJ/835/161
7854,123.036,20.546,0.491,53.009,BOSS_DR12_Mao2017_ZOBOV,J/ApJ/835/161
8172,119.897,11.439,0.597,36.937,BOSS_DR12_Mao2017_ZOBOV,J/ApJ/835/161
14740,196.283,8.525,0.648,78.61,BOSS_DR12_Mao2017_ZOBOV,J/ApJ/835/161
17058,200.611,17.196,0.514,60.329,BOSS_DR12_Mao2017_ZOBOV,J/ApJ/835/161
6216,245.277,18.12,0.503,57.234,BOSS_DR12_Mao2017_ZOBOV,J/ApJ/835/161
2592,132.083,2.837,0.647,47.556,BOSS_DR12_Mao2017_ZOBOV,J/ApJ/835/161
9172,211.306,39.676,0.515,26.639,BOSS_DR12_Mao2017_ZOBOV,J/ApJ/835/161
19726,159.495,27.284,0.529,49.33,BOSS_DR12_Mao2017_ZOBOV,J/ApJ/835/161
14690,231.145,13.853,0.498,36.955,BOSS_DR12_Mao2017_ZOBOV,J/ApJ/835/161
6319,244.037,13.098,0.515,20.881,BOSS_DR12_Mao2017_ZOBOV,J/ApJ/835/161
14346,247.958,38.967,0.603,38.434,BOSS_DR12_Mao2017_ZOBOV,J/ApJ/835/161
16129,202.466,15.629,0.541,52.548,BOSS_DR12_Mao2017_ZOBOV,J/ApJ/835/161
19414,197.341,30.48,0.502,48.842,BOSS_DR12_Mao2017_ZOBOV,J/ApJ/835/161
4025,193.747,33.642,0.471,43.803,BOSS_DR12_Mao2017_ZOBOV,J/ApJ/835/161
21032,175.455,58.036,0.658,59.918,BOSS_DR12_Mao2017_ZOBOV,J/ApJ/835/161
17079,133.577,33.512,0.539,34.426,BOSS_DR12_Mao2017_ZOBOV,J/ApJ/835/161
17938,156.87,21.594,0.526,38.999,BOSS_DR12_Mao2017_ZOBOV,J/ApJ/835/161
18003,182.096,23.429,0.461,46.891,BOSS_DR12_Mao2017_ZOBOV,J/ApJ/835/161
826,116.367,34.758,0.49,43.503,BOSS_DR12_Mao2017_ZOBOV,J/ApJ/835/161
11732,139.572,2.901,0.569,53.501,BOSS_DR12_Mao2017_ZOBOV,J/ApJ/835/161
17935,145.862,19.93,0.579,62.221,BOSS_DR12_Mao2017_ZOBOV,J/ApJ/835/161
17563,203.888,28.367,0.558,62.324,BOSS_DR12_Mao2017_ZOBOV,J/ApJ/835/161
19865,175.592,27.445,0.581,66.002,BOSS_DR12_Mao2017_ZOBOV,J/ApJ/835/161
19123,150.624,29.795,0.557,52.578,BOSS_DR12_Mao2017_ZOBOV,J/ApJ/835/161
11148,158.044,3.712,0.565,58.494,BOSS_DR12_Mao2017_ZOBOV,J/ApJ/835/161
21904,198.553,45.675,0.523,51.245,BOSS_DR12_Mao2017_ZOBOV,J/ApJ/835/161
11544,128.331,5.428,0.63,50.905,BOSS_DR12_Mao2017_ZOBOV,J/ApJ/835/161
21820,199.321,48.127,0.61,51.479,BOSS_DR12_Mao2017_ZOBOV,J/ApJ/835/161
3706,197.746,35.718,0.569,47.256,BOSS_DR12_Mao2017_ZOBOV,J/ApJ/835/161
2567,134.088,1.446,0.535,46.205,BOSS_DR12_Mao2017_ZOBOV,J/ApJ/835/161
21240,155.984,51.273,0.632,80.728,BOSS_DR12_Mao2017_ZOBOV,J/ApJ/835/161
22199,185.003,43.557,0.484,46.603,BOSS_DR12_Mao2017_ZOBOV,J/ApJ/835/161
9466,224.743,35.679,0.583,27.918,BOSS_DR12_Mao2017_ZOBOV,J/ApJ/835/161
21582,179.074,48.823,0.454,38.761,BOSS_DR12_Mao2017_ZOBOV,J/ApJ/835/161
4604,214.315,-0.243,0.487,59.519,BOSS_DR12_Mao2017_ZOBOV,J/ApJ/835/161
15274,183.822,7.21,0.65,74.208,BOSS_DR12_Mao2017_ZOBOV,J/ApJ/835/161
16656,145.69,48.279,0.616,51.533,BOSS_DR12_Mao2017_ZOBOV,J/ApJ/835/161
18616,238.289,41.291,0.454,33.648,BOSS_DR12_Mao2017_ZOBOV,J/ApJ/835/161
22748,231.324,57.066,0.473,56.789,BOSS_DR12_Mao2017_ZOBOV,J/ApJ/835/161
7249,125.594,35.303,0.656,67.305,BOSS_DR12_Mao2017_ZOBOV,J/ApJ/835/161
13052,245.487,27.363,0.538,31.007,BOSS_DR12_Mao2017_ZOBOV,J/ApJ/835/161
18749,253.558,44.778,0.46,38.435,BOSS_DR12_Mao2017_ZOBOV,J/ApJ/835/161
21847,181.857,58.055,0.518,51.43,BOSS_DR12_Mao2017_ZOBOV,J/ApJ/835/161
12469,233.716,13.545,0.565,44.049,BOSS_DR12_Mao2017_ZOBOV,J/ApJ/835/161
9561,45.047,-8.258,0.596,26.928,BOSS_DR12_Mao2017_ZOBOV,J/ApJ/835/161
5227,329.982,26.29,0.514,58.149,BOSS_DR12_Mao2017_ZOBOV,J/ApJ/835/161
7087,0.581,21.615,0.644,94.622,BOSS_DR12_Mao2017_ZOBOV,J/ApJ/835/161
3478,32.189,-6.105,0.571,73.126,BOSS_DR12_Mao2017_ZOBOV,J/ApJ/835/161
7225,347.344,21.352,0.598,132.644,BOSS_DR12_Mao2017_ZOBOV,J/ApJ/835/161
6622,14.735,33.167,0.504,52.5,BOSS_DR12_Mao2017_ZOBOV,J/ApJ/835/161
7103,8.903,24.567,0.653,77.588,BOSS_DR12_Mao2017_ZOBOV,J/ApJ/835/161
1029,15.076,-0.284,0.597,56.102,BOSS_DR12_Mao2017_ZOBOV,J/ApJ/835/161
4240,334.702,12.75,0.64,110.053,BOSS_DR12_Mao2017_ZOBOV,J/ApJ/835/161
3940,341.634,-1.311,0.661,34.845,BOSS_DR12_Mao2017_ZOBOV,J/ApJ/835/161
1971,20.702,4.57,0.653,68.072,BOSS_DR12_Mao2017_ZOBOV,J/ApJ/835/161
6977,1.322,12.599,0.505,58.704,BOSS_DR12_Mao2017_ZOBOV,J/ApJ/835/161
2119,31.066,3.695,0.532,57.932,BOSS_DR12_Mao2017_ZOBOV,J/ApJ/835/161
3345,39.037,-1.761,0.58,57.933,BOSS_DR12_Mao2017_ZOBOV,J/ApJ/835/161
5079,14.705,20.643,0.494,93.826,BOSS_DR12_Mao2017_ZOBOV,J/ApJ/835/161
1671,42.675,1.861,0.515,38.12,BOSS_DR12_Mao2017_ZOBOV,J/ApJ/835/161
7580,359.764,29.76,0.463,71.064,BOSS_DR12_Mao2017_ZOBOV,J/ApJ/835/161
8549,26.138,-6.288,0.477,55.909,BOSS_DR12_Mao2017_ZOBOV,J/ApJ/835/161
8776,0.1,-7.353,0.498,53.606,BOSS_DR12_Mao2017_ZOBOV,J/ApJ/835/161
5009,329.282,21.418,0.449,20.514,BOSS_DR12_Mao2017_ZOBOV,J/ApJ/835/161
1851,30.896,2.125,0.488,53.798,BOSS_DR12_Mao2017_ZOBOV,J/ApJ/835/161
7526,342.261,30.71,0.524,58.206,BOSS_DR12_Mao2017_ZOBOV,J/ApJ/835/161
6630,27.546,31.032,0.513,45.557,BOSS_DR12_Mao2017_ZOBOV,J/ApJ/835/161
7490,31.204,29.711,0.66,47.903,BOSS_DR12_Mao2017_ZOBOV,J/ApJ/835/161
7189,24.447,26.191,0.522,72.657,BOSS_DR12_Mao2017_ZOBOV,J/ApJ/835/161
289,322.004,5.724,0.653,71.175,BOSS_DR12_Mao2017_ZOBOV,J/ApJ/835/161
2543,22.993,2.278,0.468,60.078,BOSS_DR12_Mao2017_ZOBOV,J/ApJ/835/161
4325,341.58,15.528,0.479,41.139,BOSS_DR12_Mao2017_ZOBOV,J/ApJ/835/161
643,336.658,-0.176,0.578,56.6,BOSS_DR12_Mao2017_ZOBOV,J/ApJ/835/161
7437,14.683,32.568,0.63,85.577,BOSS_DR12_Mao2017_ZOBOV,J/ApJ/835/161
9591,39.947,-6.188,0.519,56.498,BOSS_DR12_Mao2017_ZOBOV,J/ApJ/835/161
794,320.476,0.941,0.57,62.152,BOSS_DR12_Mao2017_ZOBOV,J/ApJ/835/161
6069,342.919,24.735,0.511,53.027,BOSS_DR12_Mao2017_ZOBOV,J/ApJ/835/161
2124,37.399,3.74,0.5,32.345,BOSS_DR12_Mao2017_ZOBOV,J/ApJ/835/161
3181,26.874,-2.882,0.473,54.579,BOSS_DR12_Mao2017_ZOBOV,J/ApJ/835/161
7557,7.426,29.591,0.467,76.012,BOSS_DR12_Mao2017_ZOBOV,J/ApJ/835/161
4211,333.512,11.836,0.459,62.852,BOSS_DR12_Mao2017_ZOBOV,J/ApJ/835/161
9567,44.27,-7.368,0.472,30.076,BOSS_DR12_Mao2017_ZOBOV,J/ApJ/835/161
3243,29.965,-2.866,0.518,51.513,BOSS_DR12_Mao2017_ZOBOV,J/ApJ/835/161
8115,4.237,-3.729,0.564,52.843,BOSS_DR12_Mao2017_ZOBOV,J/ApJ/835/161
8157,7.493,-4.147,0.654,56.221,BOSS_DR12_Mao2017_ZOBOV,J/ApJ/835/161
1677,42.192,2.216,0.578,47.168,BOSS_DR12_Mao2017_ZOBOV,J/ApJ/835/161
4518,333.451,16.358,0.502,60.291,BOSS_DR12_Mao2017_ZOBOV,J/ApJ/835/161
7411,16.149,30.842,0.546,59.486,BOSS_DR12_Mao2017_ZOBOV,J/ApJ/835/161
1682,35.205,2.643,0.641,90.852,BOSS_DR12_Mao2017_ZOBOV,J/ApJ/835/161
7470,24.754,30.953,0.647,73.719,BOSS_DR12_Mao2017_ZOBOV,J/ApJ/835/161
9545,44.74,-7.076,0.607,19.553,BOSS_DR12_Mao2017_ZOBOV,J/ApJ/835/161
8349,0.252,-4.946,0.575,44.526,BOSS_DR12_Mao2017_ZOBOV,J/ApJ/835/161
8960,5.995,-6.421,0.568,35.375,BOSS_DR12_Mao2017_ZOBOV,J/ApJ/835/161
7488,26.764,30.774,0.462,51.729,BOSS_DR12_Mao2017_ZOBOV,J/ApJ/835/161
6564,358.852,12.119,0.571,56.625,BOSS_DR12_Mao2017_ZOBOV,J/ApJ/835/161
687,327.904,-0.199,0.561,57.42,BOSS_DR12_Mao2017_ZOBOV,J/ApJ/835/161
905,20.396,-1.37,0.638,64.805,BOSS_DR12_Mao2017_ZOBOV,J/ApJ/835/161
6364,8.282,16.103,0.509,64.706,BOSS_DR12_Mao2017_ZOBOV,J/ApJ/835/161
673,27.58,0.029,0.542,26.11,BOSS_DR12_Mao2017_ZOBOV,J/ApJ/835/161
1800,346.754,0.316,0.482,47.431,BOSS_DR12_Mao2017_ZOBOV,J/ApJ/835/161
5685,10.833,15.16,0.634,87.737,BOSS_DR12_Mao2017_ZOBOV,J/ApJ/835/161
3920,331.133,-1.181,0.505,43.544,BOSS_DR12_Mao2017_ZOBOV,J/ApJ/835/161
1944,26.733,3.167,0.552,50.876,BOSS_DR12_Mao2017_ZOBOV,J/ApJ/835/161
5050,332.678,22.127,0.461,65.232,BOSS_DR12_Mao2017_ZOBOV,J/ApJ/835/161
1483,10.375,7.083,0.65,82.699,BOSS_DR12_Mao2017_ZOBOV,J/ApJ/835/161
1788,12.986,0.928,0.454,42.112,BOSS_DR12_Mao2017_ZOBOV,J/ApJ/835/161
1047,355.208,-1.102,0.603,54.822,BOSS_DR12_Mao2017_ZOBOV,J/ApJ/835/161
239,323.953,5.365,0.474,74.148,BOSS_DR12_Mao2017_ZOBOV,J/ApJ/835/161
6402,17.002,28.276,0.605,67.312,BOSS_DR12_Mao2017_ZOBOV,J/ApJ/835/161
1521,28.674,5.777,0.563,46.567,BOSS_DR12_Mao2017_ZOBOV,J/ApJ/835/161
6641,13.925,33.383,0.551,36.576,BOSS_DR12_Mao2017_ZOBOV,J/ApJ/835/161
4991,29.685,24.915,0.627,58.379,BOSS_DR12_Mao2017_ZOBOV,J/ApJ/835/161
3235,10.316,-3.029,0.637,56.382,BOSS_DR12_Mao2017_ZOBOV,J/ApJ/835/161
4638,18.354,14.83,0.59,57.309,BOSS_DR12_Mao2017_ZOBOV,J/ApJ/835/161
315,318.861,6.651,0.457,25.403,BOSS_DR12_Mao2017_ZOBOV,J/ApJ/835/161
6958,358.797,10.019,0.542,66.947,BOSS_DR12_Mao2017_ZOBOV,J/ApJ/835/161
974,18.149,-0.483,0.48,45.02,BOSS_DR12_Mao2017_ZOBOV,J/ApJ/835/161
1911,6.68,2.989,0.456,42.91,BOSS_DR12_Mao2017_ZOBOV,J/ApJ/835/161
6582,358.776,12.427,0.46,63.747,BOSS_DR12_Mao2017_ZOBOV,J/ApJ/835/161
169,321.955,6.812,0.605,40.15,BOSS_DR12_Mao2017_ZOBOV,J/ApJ/835/161
1907,359.14,2.845,0.505,44.144,BOSS_DR12_Mao2017_ZOBOV,J/ApJ/835/161
6142,347.124,21.461,0.471,90.625,BOSS_DR12_Mao2017_ZOBOV,J/ApJ/835/161
4591,331.572,20.141,0.624,85.286,BOSS_DR12_Mao2017_ZOBOV,J/ApJ/835/161
3589,36.576,-6.087,0.54,65.156,BOSS_DR12_Mao2017_ZOBOV,J/ApJ/835/161
5640,349.879,13.804,0.455,38.473,BOSS_DR12_Mao2017_ZOBOV,J/ApJ/835/161
168,319.996,6.365,0.487,45.545,BOSS_DR12_Mao2017_ZOBOV,J/ApJ/835/161
6347,9.272,16.973,0.462,70.728,BOSS_DR12_Mao2017_ZOBOV,J/ApJ/835/161
1031,19.2,0.51,0.602,37.485,BOSS_DR12_Mao2017_ZOBOV,J/ApJ/835/161
1836,10.374,2.849,0.58,71.477,BOSS_DR12_Mao2017_ZOBOV,J/ApJ/835/161
7275,353.433,27.263,0.647,102.018,BOSS_DR12_Mao2017_ZOBOV,J/ApJ/835/161
9559,43.905,-8.029,0.584,28.262,BOSS_DR12_Mao2017_ZOBOV,J/ApJ/835/161
7631,14.729,33.034,0.472,40.422,BOSS_DR12_Mao2017_ZOBOV,J/ApJ/835/161
2349,27.654,9.211,0.516,42.935,BOSS_DR12_Mao2017_ZOBOV,J/ApJ/835/161
7242,27.784,28.196,0.538,50.874,BOSS_DR12_Mao2017_ZOBOV,J/ApJ/835/161
1925,41.796,2.096,0.615,65.043,BOSS_DR12_Mao2017_ZOBOV,J/ApJ/835/161
9632,40.884,-6.149,0.467,44.947,BOSS_DR12_Mao2017_ZOBOV,J/ApJ/835/161
6313,357.92,25.424,0.526,47.266,BOSS_DR12_Mao2017_ZOBOV,J/ApJ/835/161
9635,42.814,-7.057,0.563,38.813,BOSS_DR12_Mao2017_ZOBOV,J/ApJ/835/161
7011,355.588,7.723,0.636,92.959,BOSS_DR12_Mao2017_ZOBOV,J/ApJ/835/161
915,351.643,-0.731,0.64,50.757,BOSS_DR12_Mao2017_ZOBOV,J/ApJ/835/161
6377,3.276,17.428,0.529,49.181,BOSS_DR12_Mao2017_ZOBOV,J/ApJ/835/161
5298,331.108,28.764,0.559,27.472,BOSS_DR12_Mao2017_ZOBOV,J/ApJ/835/161
3492,41.081,-1.799,0.657,64.263,BOSS_DR12_Mao2017_ZOBOV,J/ApJ/835/161
3328,352.721,-1.917,0.553,35.364,BOSS_DR12_Mao2017_ZOBOV,J/ApJ/835/161
8868,0.689,-8.31,0.633,57.31,BOSS_DR12_Mao2017_ZOBOV,J/ApJ/835/161
754,352.525,-0.844,0.488,41.059,BOSS_DR12_Mao2017_ZOBOV,J/ApJ/835/161
8241,21.186,-4.226,0.59,23.384,BOSS_DR12_Mao2017_ZOBOV,J/ApJ/835/161
5660,352.546,16.304,0.514,73.861,BOSS_DR12_Mao2017_ZOBOV,J/ApJ/835/161
1943,27.2,3.789,0.506,44.428,BOSS_DR12_Mao2017_ZOBOV,J/ApJ/835/161
5842,358.114,33.232,0.45,21.98,BOSS_DR12_Mao2017_ZOBOV,J/ApJ/835/161
930,29.745,-0.799,0.573,65.797,BOSS_DR12_Mao2017_ZOBOV,J/ApJ/835/161
1830,351.746,1.79,0.575,74.106,BOSS_DR12_Mao2017_ZOBOV,J/ApJ/835/161
5582,4.016,8.804,0.624,122.153,BOSS_DR12_Mao2017_ZOBOV,J/ApJ/835/161
2241,24.004,8.571,0.668,38.875,BOSS_DR12_Mao2017_ZOBOV,J/ApJ/835/161
4907,26.234,21.391,0.534,89.544,BOSS_DR12_Mao2017_ZOBOV,J/ApJ/835/161
2100,12.935,4.709,0.515,62.621,BOSS_DR12_Mao2017_ZOBOV,J/ApJ/835/161
2317,21.169,12.876,0.454,46.73,BOSS_DR12_Mao2017_ZOBOV,J/ApJ/835/161
7081,6.428,23.126,0.589,79.575,BOSS_DR12_Mao2017_ZOBOV,J/ApJ/835/161
7459,20.312,30.406,0.587,76.727,BOSS_DR12_Mao2017_ZOBOV,J/ApJ/835/161
5264,334.597,28.274,0.47,69.032,BOSS_DR12_Mao2017_ZOBOV,J/ApJ/835/161
4643,18.474,14.354,0.478,48.296,BOSS_DR12_Mao2017_ZOBOV,J/ApJ/835/161
7403,353.11,28.761,0.476,73.191,BOSS_DR12_Mao2017_ZOBOV,J/ApJ/835/161
8103,9.773,-3.361,0.549,37.117,BOSS_DR12_Mao2017_ZOBOV,J/ApJ/835/161
1850,29.324,2.974,0.455,47.498,BOSS_DR12_Mao2017_ZOBOV,J/ApJ/835/161
656,350.769,-0.805,0.534,54.226,BOSS_DR12_Mao2017_ZOBOV,J/ApJ/835/161
135,324.671,5.414,0.52,48.916,BOSS_DR12_Mao2017_ZOBOV,J/ApJ/835/161
8713,6.455,-6.097,0.601,30.286,BOSS_DR12_Mao2017_ZOBOV,J/ApJ/835/161
5059,333.198,21.922,0.538,52.672,BOSS_DR12_Mao2017_ZOBOV,J/ApJ/835/161
8543,28.531,-7.246,0.638,55.409,BOSS_DR12_Mao2017_ZOBOV,J/ApJ/835/161
3550,4.764,-2.887,0.651,68.026,BOSS_DR12_Mao2017_ZOBOV,J/ApJ/835/161
7528,343.409,31.812,0.558,40.814,BOSS_DR12_Mao2017_ZOBOV,J/ApJ/835/161
7525,337.222,30.089,0.633,69.996,BOSS_DR12_Mao2017_ZOBOV,J/ApJ/835/161
199,320.725,1.33,0.493,55.458,BOSS_DR12_Mao2017_ZOBOV,J/ApJ/835/161
7344,351.651,20.992,0.487,41.159,BOSS_DR12_Mao2017_ZOBOV,J/ApJ/835/161
5524,336.666,24.501,0.518,59.752,BOSS_DR12_Mao2017_ZOBOV,J/ApJ/835/161
1940,21.433,2.706,0.615,67.246,BOSS_DR12_Mao2017_ZOBOV,J/ApJ/835/161
270,322.813,6.959,0.541,56.762,BOSS_DR12_Mao2017_ZOBOV,J/ApJ/835/161
2246,27.581,9.817,0.459,42.973,BOSS_DR12_Mao2017_ZOBOV,J/ApJ/835/161
637,331.935,0.06,0.462,43.903,BOSS_DR12_Mao2017_ZOBOV,J/ApJ/835/161
5613,13.867,22.865,0.598,58.346,BOSS_DR12_Mao2017_ZOBOV,J/ApJ/835/161
6018,18.122,30.013,0.457,50.618,BOSS_DR12_Mao2017_ZOBOV,J/ApJ/835/161
7935,348.59,32.782,0.625,27.193,BOSS_DR12_Mao2017_ZOBOV,J/ApJ/835/161
8547,29.422,-6.342,0.53,63.104,BOSS_DR12_Mao2017_ZOBOV,J/ApJ/835/161
4992,18.984,25.096,0.503,58.339,BOSS_DR12_Mao2017_ZOBOV,J/ApJ/835/161
1741,9.809,3.174,0.488,52.856,BOSS_DR12_Mao2017_ZOBOV,J/ApJ/835/161
7643,339.384,30.812,0.511,34.915,BOSS_DR12_Mao2017_ZOBOV,J/ApJ/835/161
1438,14.948,8.08,0.491,46.576,BOSS_DR12_Mao2017_ZOBOV,J/ApJ/835/161
5547,345.176,8.459,0.658,56.16,BOSS_DR12_Mao2017_ZOBOV,J/ApJ/835/161
1891,39.805,2.04,0.573,53.558,BOSS_DR12_Mao2017_ZOBOV,J/ApJ/835/161
819,340.804,-0.379,0.574,44.081,BOSS_DR12_Mao2017_ZOBOV,J/ApJ/835/161
6647,22.294,32.703,0.54,21.535,BOSS_DR12_Mao2017_ZOBOV,J/ApJ/835/161
1450,337.526,5.474,0.543,74.87,BOSS_DR12_Mao2017_ZOBOV,J/ApJ/835/161
300,320.03,6.435,0.52,33.365,BOSS_DR12_Mao2017_ZOBOV,J/ApJ/835/161
3454,27.337,-1.941,0.602,52.123,BOSS_DR12_Mao2017_ZOBOV,J/ApJ/835/161
3395,35.949,-3.309,0.59,49.67,BOSS_DR12_Mao2017_ZOBOV,J/ApJ/835/161
1779,2.627,3.778,0.456,43.669,BOSS_DR12_Mao2017_ZOBOV,J/ApJ/835/161
8525,28.596,-7.698,0.554,49.01,BOSS_DR12_Mao2017_ZOBOV,J/ApJ/835/161
7263,29.461,28.712,0.505,37.191,BOSS_DR12_Mao2017_ZOBOV,J/ApJ/835/161
8458,2.334,-6.297,0.652,43.54,BOSS_DR12_Mao2017_ZOBOV,J/ApJ/835/161
763,349.116,1.179,0.638,77.033,BOSS_DR12_Mao2017_ZOBOV,J/ApJ/835/161
2202,332.639,5.233,0.512,55.133,BOSS_DR12_Mao2017_ZOBOV,J/ApJ/835/161
692,12.345,-0.682,0.523,42.283,BOSS_DR12_Mao2017_ZOBOV,J/ApJ/835/161
3392,34.57,-3.651,0.469,56.996,BOSS_DR12_Mao2017_ZOBOV,J/ApJ/835/161
2377,20.223,10.695,0.589,54.675,BOSS_DR12_Mao2017_ZOBOV,J/ApJ/835/161
6330,342.722,24.996,0.654,65.488,BOSS_DR12_Mao2017_ZOBOV,J/ApJ/835/161
5526,336.424,21.146,0.601,67.772,BOSS_DR12_Mao2017_ZOBOV,J/ApJ/835/161
5746,4.144,33.366,0.487,37.063,BOSS_DR12_Mao2017_ZOBOV,J/ApJ/835/161
1070,39.278,0.245,0.479,62.898,BOSS_DR12_Mao2017_ZOBOV,J/ApJ/835/161
5217,330.137,24.942,0.635,88.67,BOSS_DR12_Mao2017_ZOBOV,J/ApJ/835/161
8234,18.607,-4.247,0.567,29.13,BOSS_DR12_Mao2017_ZOBOV,J/ApJ/835/161
5000,14.221,14.531,0.663,47.209,BOSS_DR12_Mao2017_ZOBOV,J/ApJ/835/161
5718,3.273,14.5,0.458,31.377,BOSS_DR12_Mao2017_ZOBOV,J/ApJ/835/161
4363,337.811,16.468,0.478,55.635,BOSS_DR12_Mao2017_ZOBOV,J/ApJ/835/161
9564,43.784,-6.938,0.498,38.566,BOSS_DR12_Mao2017_ZOBOV,J/ApJ/835/161
4639,17.397,14.248,0.453,20.551,BOSS_DR12_Mao2017_ZOBOV,J/ApJ/835/161
3947,32.531,-2.457,0.646,37.66,BOSS_DR12_Mao2017_ZOBOV,J/ApJ/835/161
897,337.133,1.0,0.612,45.176,BOSS_DR12_Mao2017_ZOBOV,J/ApJ/835/161
2150,5.016,5.179,0.558,63.135,BOSS_DR12_Mao2017_ZOBOV,J/ApJ/835/161
7521,337.549,30.381,0.552,40.409,BOSS_DR12_Mao2017_ZOBOV,J/ApJ/835/161
883,340.292,0.221,0.498,36.201,BOSS_DR12_Mao2017_ZOBOV,J/ApJ/835/161
248,325.767,7.014,0.457,25.161,BOSS_DR12_Mao2017_ZOBOV,J/ApJ/835/161
7000,348.791,9.751,0.656,58.133,BOSS_DR12_Mao2017_ZOBOV,J/ApJ/835/161
1382,344.625,5.843,0.611,42.481,BOSS_DR12_Mao2017_ZOBOV,J/ApJ/835/161
2121,33.606,3.613,0.487,34.634,BOSS_DR12_Mao2017_ZOBOV,J/ApJ/835/161
4604,330.399,18.021,0.591,37.583,BOSS_DR12_Mao2017_ZOBOV,J/ApJ/835/161
4387,338.928,10.601,0.488,63.653,BOSS_DR12_Mao2017_ZOBOV,J/ApJ/835/161
1302,27.813,7.844,0.49,38.574,BOSS_DR12_Mao2017_ZOBOV,J/ApJ/835/161
788,324.32,-0.918,0.487,42.845,BOSS_DR12_Mao2017_ZOBOV,J/ApJ/835/161
3909,345.961,-1.909,0.571,35.359,BOSS_DR12_Mao2017_ZOBOV,J/ApJ/835/161
1574,22.558,8.11,0.59,51.735,BOSS_DR12_Mao2017_ZOBOV,J/ApJ/835/161
3338,21.089,-2.013,0.578,30.947,BOSS_DR12_Mao2017_ZOBOV,J/ApJ/835/161
925,19.699,-0.394,0.546,60.098,BOSS_DR12_Mao2017_ZOBOV,J/ApJ/835/161
1030,15.901,0.135,0.541,44.241,BOSS_DR12_Mao2017_ZOBOV,J/ApJ/835/161
4965,27.052,20.911,0.463,73.36,BOSS_DR12_Mao2017_ZOBOV,J/ApJ/835/161
13788,184.439,37.133,0.292,452.732,BOSS_DR12_Mao2017_ZOBOV,J/ApJ/835/161
998,213.379,-0.158,0.327,49.227,BOSS_DR12_Mao2017_ZOBOV,J/ApJ/835/161
11176,237.907,8.246,0.384,94.826,BOSS_DR12_Mao2017_ZOBOV,J/ApJ/835/161
11431,205.52,8.443,0.361,104.894,BOSS_DR12_Mao2017_ZOBOV,J/ApJ/835/161
4739,203.474,50.656,0.342,283.073,BOSS_DR12_Mao2017_ZOBOV,J/ApJ/835/161
14307,244.113,52.377,0.401,52.239,BOSS_DR12_Mao2017_ZOBOV,J/ApJ/835/161
13222,147.338,43.824,0.327,232.397,BOSS_DR12_Mao2017_ZOBOV,J/ApJ/835/161
11627,167.872,18.274,0.326,255.013,BOSS_DR12_Mao2017_ZOBOV,J/ApJ/835/161
3294,121.868,21.044,0.363,136.068,BOSS_DR12_Mao2017_ZOBOV,J/ApJ/835/161
11134,248.111,38.157,0.234,95.646,BOSS_DR12_Mao2017_ZOBOV,J/ApJ/835/161
11375,237.146,9.245,0.266,63.442,BOSS_DR12_Mao2017_ZOBOV,J/ApJ/835/161
4402,122.937,16.086,0.274,96.976,BOSS_DR12_Mao2017_ZOBOV,J/ApJ/835/161
16634,218.128,50.843,0.349,256.241,BOSS_DR12_Mao2017_ZOBOV,J/ApJ/835/161
5734,166.96,45.271,0.384,85.837,BOSS_DR12_Mao2017_ZOBOV,J/ApJ/835/161
8541,196.822,17.742,0.294,140.721,BOSS_DR12_Mao2017_ZOBOV,J/ApJ/835/161
14348,225.014,48.016,0.343,195.881,BOSS_DR12_Mao2017_ZOBOV,J/ApJ/835/161
11918,140.498,15.689,0.36,153.077,BOSS_DR12_Mao2017_ZOBOV,J/ApJ/835/161
16394,152.1,47.928,0.286,143.208,BOSS_DR12_Mao2017_ZOBOV,J/ApJ/835/161
6177,174.869,30.699,0.387,121.053,BOSS_DR12_Mao2017_ZOBOV,J/ApJ/835/161
8656,157.222,9.377,0.386,111.418,BOSS_DR12_Mao2017_ZOBOV,J/ApJ/835/161
1077,201.227,0.278,0.243,30.145,BOSS_DR12_Mao2017_ZOBOV,J/ApJ/835/161
5692,142.345,44.537,0.37,150.861,BOSS_DR12_Mao2017_ZOBOV,J/ApJ/835/161
1625,248.149,15.665,0.397,48.564,BOSS_DR12_Mao2017_ZOBOV,J/ApJ/835/161
16341,167.505,52.932,0.264,93.079,BOSS_DR12_Mao2017_ZOBOV,J/ApJ/835/161
14778,168.356,33.312,0.343,116.89,BOSS_DR12_Mao2017_ZOBOV,J/ApJ/835/161
75,201.565,-0.062,0.392,58.55,BOSS_DR12_Mao2017_ZOBOV,J/ApJ/835/161
2151,252.039,23.261,0.307,65.225,BOSS_DR12_Mao2017_ZOBOV,J/ApJ/835/161
3404,121.724,19.611,0.354,124.53,BOSS_DR12_Mao2017_ZOBOV,J/ApJ/835/161
11530,153.07,10.043,0.34,89.634,BOSS_DR12_Mao2017_ZOBOV,J/ApJ/835/161
32,213.163,0.265,0.251,31.272,BOSS_DR12_Mao2017_ZOBOV,J/ApJ/835/161
13721,201.523,19.37,0.367,167.884,BOSS_DR12_Mao2017_ZOBOV,J/ApJ/835/161
12090,137.08,18.098,0.258,98.083,BOSS_DR12_Mao2017_ZOBOV,J/ApJ/835/161
16283,167.099,61.705,0.381,80.443,BOSS_DR12_Mao2017_ZOBOV,J/ApJ/835/161
1557,246.566,16.463,0.229,38.76,BOSS_DR12_Mao2017_ZOBOV,J/ApJ/835/161
11446,209.67,14.923,0.272,144.821,BOSS_DR12_Mao2017_ZOBOV,J/ApJ/835/161
17482,159.774,49.555,0.346,68.431,BOSS_DR12_Mao2017_ZOBOV,J/ApJ/835/161
16633,191.266,58.545,0.306,103.094,BOSS_DR12_Mao2017_ZOBOV,J/ApJ/835/161
8913,237.81,7.279,0.298,59.999,BOSS_DR12_Mao2017_ZOBOV,J/ApJ/835/161
12071,143.357,12.234,0.399,74.066,BOSS_DR12_Mao2017_ZOBOV,J/ApJ/835/161
4477,122.231,20.813,0.226,60.923,BOSS_DR12_Mao2017_ZOBOV,J/ApJ/835/161
7629,124.326,2.426,0.34,21.499,BOSS_DR12_Mao2017_ZOBOV,J/ApJ/835/161
10199,238.037,44.638,0.287,120.106,BOSS_DR12_Mao2017_ZOBOV,J/ApJ/835/161
4880,179.349,38.639,0.279,49.342,BOSS_DR12_Mao2017_ZOBOV,J/ApJ/835/161
15600,151.298,22.383,0.396,109.486,BOSS_DR12_Mao2017_ZOBOV,J/ApJ/835/161
11954,220.42,15.921,0.369,126.872,BOSS_DR12_Mao2017_ZOBOV,J/ApJ/835/161
16286,181.844,60.8,0.224,55.929,BOSS_DR12_Mao2017_ZOBOV,J/ApJ/835/161
15671,208.169,41.235,0.354,27.241,BOSS_DR12_Mao2017_ZOBOV,J/ApJ/835/161
11600,206.089,12.105,0.343,51.945,BOSS_DR12_Mao2017_ZOBOV,J/ApJ/835/161
10510,134.59,44.169,0.365,93.277,BOSS_DR12_Mao2017_ZOBOV,J/ApJ/835/161
12092,148.959,12.436,0.271,136.661,BOSS_DR12_Mao2017_ZOBOV,J/ApJ/835/161
12488,152.612,17.334,0.343,76.514,BOSS_DR12_Mao2017_ZOBOV,J/ApJ/835/161
15370,152.645,34.533,0.354,107.691,BOSS_DR12_Mao2017_ZOBOV,J/ApJ/835/161
31,210.92,0.082,0.382,83.402,BOSS_DR12_Mao2017_ZOBOV,J/ApJ/835/161
5442,164.22,39.175,0.24,81.587,BOSS_DR12_Mao2017_ZOBOV,J/ApJ/835/161
3577,124.57,14.605,0.388,71.19,BOSS_DR12_Mao2017_ZOBOV,J/ApJ/835/161
15734,212.238,45.51,0.328,143.897,BOSS_DR12_Mao2017_ZOBOV,J/ApJ/835/161
14361,242.219,35.403,0.32,101.017,BOSS_DR12_Mao2017_ZOBOV,J/ApJ/835/161
9523,256.739,30.809,0.364,59.983,BOSS_DR12_Mao2017_ZOBOV,J/ApJ/835/161
1000,223.838,0.114,0.217,18.539,BOSS_DR12_Mao2017_ZOBOV,J/ApJ/835/161
7907,192.121,5.028,0.401,42.478,BOSS_DR12_Mao2017_ZOBOV,J/ApJ/835/161
2148,251.78,23.339,0.392,59.261,BOSS_DR12_Mao2017_ZOBOV,J/ApJ/835/161
15774,238.93,53.523,0.262,74.606,BOSS_DR12_Mao2017_ZOBOV,J/ApJ/835/161
13793,189.456,24.139,0.323,69.503,BOSS_DR12_Mao2017_ZOBOV,J/ApJ/835/161
14775,159.759,22.776,0.268,130.108,BOSS_DR12_Mao2017_ZOBOV,J/ApJ/835/161
15788,161.012,63.79,0.365,35.814,BOSS_DR12_Mao2017_ZOBOV,J/ApJ/835/161
17555,215.738,52.236,0.392,91.919,BOSS_DR12_Mao2017_ZOBOV,J/ApJ/835/161
13145,174.125,17.556,0.389,108.531,BOSS_DR12_Mao2017_ZOBOV,J/ApJ/835/161
7411,125.616,3.859,0.312,31.13,BOSS_DR12_Mao2017_ZOBOV,J/ApJ/835/161
5425,179.143,35.948,0.369,73.362,BOSS_DR12_Mao2017_ZOBOV,J/ApJ/835/161
13894,136.452,34.071,0.402,45.659,BOSS_DR12_Mao2017_ZOBOV,J/ApJ/835/161
11588,168.093,11.202,0.306,98.487,BOSS_DR12_Mao2017_ZOBOV,J/ApJ/835/161
11539,155.168,10.466,0.25,103.696,BOSS_DR12_Mao2017_ZOBOV,J/ApJ/835/161
15786,237.31,47.275,0.298,111.234,BOSS_DR12_Mao2017_ZOBOV,J/ApJ/835/161
76,208.356,0.29,0.312,37.83,BOSS_DR12_Mao2017_ZOBOV,J/ApJ/835/161
16573,171.845,46.286,0.373,65.654,BOSS_DR12_Mao2017_ZOBOV,J/ApJ/835/161
8920,230.405,6.565,0.334,39.689,BOSS_DR12_Mao2017_ZOBOV,J/ApJ/835/161
15,206.464,-0.296,0.341,37.158,BOSS_DR12_Mao2017_ZOBOV,J/ApJ/835/161
16334,157.27,54.716,0.367,52.685,BOSS_DR12_Mao2017_ZOBOV,J/ApJ/835/161
16320,222.239,55.753,0.222,47.685,BOSS_DR12_Mao2017_ZOBOV,J/ApJ/835/161
10254,246.299,34.927,0.381,129.242,BOSS_DR12_Mao2017_ZOBOV,J/ApJ/835/161
5720,151.546,37.209,0.231,63.422,BOSS_DR12_Mao2017_ZOBOV,J/ApJ/835/161
16258,171.112,60.186,0.317,63.67,BOSS_DR12_Mao2017_ZOBOV,J/ApJ/835/161
11089,249.664,32.616,0.266,41.662,BOSS_DR12_Mao2017_ZOBOV,J/ApJ/835/161
103,226.001,0.132,0.39,39.381,BOSS_DR12_Mao2017_ZOBOV,J/ApJ/835/161
8908,230.779,8.895,0.355,66.49,BOSS_DR12_Mao2017_ZOBOV,J/ApJ/835/161
13716,153.984,24.079,0.278,106.683,BOSS_DR12_Mao2017_ZOBOV,J/ApJ/835/161
11593,163.879,13.021,0.359,70.976,BOSS_DR12_Mao2017_ZOBOV,J/ApJ/835/161
3099,118.816,24.081,0.364,62.051,BOSS_DR12_Mao2017_ZOBOV,J/ApJ/835/161
12977,141.48,54.74,0.395,60.9,BOSS_DR12_Mao2017_ZOBOV,J/ApJ/835/161
13650,199.893,21.312,0.318,111.297,BOSS_DR12_Mao2017_ZOBOV,J/ApJ/835/161
15678,153.707,55.128,0.397,88.565,BOSS_DR12_Mao2017_ZOBOV,J/ApJ/835/161
12698,143.945,60.364,0.279,48.253,BOSS_DR12_Mao2017_ZOBOV,J/ApJ/835/161
14805,177.178,18.264,0.268,87.84,BOSS_DR12_Mao2017_ZOBOV,J/ApJ/835/161
12327,204.704,14.609,0.366,48.582,BOSS_DR12_Mao2017_ZOBOV,J/ApJ/835/161
12778,137.94,61.345,0.401,44.187,BOSS_DR12_Mao2017_ZOBOV,J/ApJ/835/161
11396,222.719,8.049,0.256,31.398,BOSS_DR12_Mao2017_ZOBOV,J/ApJ/835/161
10263,243.328,32.844,0.316,88.998,BOSS_DR12_Mao2017_ZOBOV,J/ApJ/835/161
13189,141.666,32.043,0.408,39.405,BOSS_DR12_Mao2017_ZOBOV,J/ApJ/835/161
14303,251.939,44.934,0.327,58.456,BOSS_DR12_Mao2017_ZOBOV,J/ApJ/835/161
15235,167.729,30.186,0.286,86.672,BOSS_DR12_Mao2017_ZOBOV,J/ApJ/835/161
1643,246.005,16.577,0.37,61.867,BOSS_DR12_Mao2017_ZOBOV,J/ApJ/835/161
14329,250.228,37.311,0.289,78.816,BOSS_DR12_Mao2017_ZOBOV,J/ApJ/835/161
11538,148.655,10.001,0.339,62.426,BOSS_DR12_Mao2017_ZOBOV,J/ApJ/835/161
17014,157.621,60.424,0.306,91.845,BOSS_DR12_Mao2017_ZOBOV,J/ApJ/835/161
11499,188.258,11.518,0.382,59.561,BOSS_DR12_Mao2017_ZOBOV,J/ApJ/835/161
1859,247.553,17.689,0.243,23.309,BOSS_DR12_Mao2017_ZOBOV,J/ApJ/835/161
16444,178.224,56.45,0.381,104.125,BOSS_DR12_Mao2017_ZOBOV,J/ApJ/835/161
13568,211.248,17.481,0.268,128.977,BOSS_DR12_Mao2017_ZOBOV,J/ApJ/835/161
16302,215.884,58.535,0.393,82.097,BOSS_DR12_Mao2017_ZOBOV,J/ApJ/835/161
17559,228.771,55.693,0.37,93.797,BOSS_DR12_Mao2017_ZOBOV,J/ApJ/835/161
13750,182.593,21.721,0.346,87.016,BOSS_DR12_Mao2017_ZOBOV,J/ApJ/835/161
977,223.621,0.277,0.358,44.373,BOSS_DR12_Mao2017_ZOBOV,J/ApJ/835/161
13784,214.5,22.751,0.223,61.506,BOSS_DR12_Mao2017_ZOBOV,J/ApJ/835/161
8606,176.481,6.246,0.259,59.168,BOSS_DR12_Mao2017_ZOBOV,J/ApJ/835/161
10149,259.79,33.233,0.401,36.797,BOSS_DR12_Mao2017_ZOBOV,J/ApJ/835/161
4608,134.362,44.955,0.341,77.459,BOSS_DR12_Mao2017_ZOBOV,J/ApJ/835/161
10524,218.028,39.67,0.396,64.194,BOSS_DR12_Mao2017_ZOBOV,J/ApJ/835/161
4335,126.486,22.455,0.348,42.311,BOSS_DR12_Mao2017_ZOBOV,J/ApJ/835/161
11153,235.682,10.828,0.333,38.255,BOSS_DR12_Mao2017_ZOBOV,J/ApJ/835/161
13580,222.327,20.649,0.404,46.505,BOSS_DR12_Mao2017_ZOBOV,J/ApJ/835/161
33,217.293,-0.037,0.271,34.326,BOSS_DR12_Mao2017_ZOBOV,J/ApJ/835/161
13586,138.091,21.378,0.309,84.926,BOSS_DR12_Mao2017_ZOBOV,J/ApJ/835/161
12003,226.555,11.408,0.261,64.132,BOSS_DR12_Mao2017_ZOBOV,J/ApJ/835/161
14333,243.816,46.729,0.373,109.434,BOSS_DR12_Mao2017_ZOBOV,J/ApJ/835/161
14304,249.815,45.525,0.217,24.932,BOSS_DR12_Mao2017_ZOBOV,J/ApJ/835/161
7758,125.73,5.239,0.26,28.667,BOSS_DR12_Mao2017_ZOBOV,J/ApJ/835/161
12062,141.818,12.303,0.313,90.239,BOSS_DR12_Mao2017_ZOBOV,J/ApJ/835/161
4281,123.624,26.43,0.254,40.749,BOSS_DR12_Mao2017_ZOBOV,J/ApJ/835/161
13679,148.631,20.221,0.231,54.928,BOSS_DR12_Mao2017_ZOBOV,J/ApJ/835/161
13743,216.364,14.359,0.285,110.835,BOSS_DR12_Mao2017_ZOBOV,J/ApJ/835/161
12064,150.95,16.709,0.399,73.555,BOSS_DR12_Mao2017_ZOBOV,J/ApJ/835/161
13177,202.153,15.377,0.225,49.781,BOSS_DR12_Mao2017_ZOBOV,J/ApJ/835/161
11662,171.606,7.872,0.377,96.663,BOSS_DR12_Mao2017_ZOBOV,J/ApJ/835/161
14091,209.218,23.976,0.331,51.506,BOSS_DR12_Mao2017_ZOBOV,J/ApJ/835/161
16422,158.47,50.565,0.315,77.48,BOSS_DR12_Mao2017_ZOBOV,J/ApJ/835/161
35,225.204,-0.099,0.231,19.952,BOSS_DR12_Mao2017_ZOBOV,J/ApJ/835/161
10385,130.162,55.666,0.309,35.463,BOSS_DR12_Mao2017_ZOBOV,J/ApJ/835/161
2082,252.433,23.29,0.222,36.146,BOSS_DR12_Mao2017_ZOBOV,J/ApJ/835/161
16628,216.657,53.152,0.305,61.366,BOSS_DR12_Mao2017_ZOBOV,J/ApJ/835/161
16377,180.765,50.635,0.314,80.763,BOSS_DR12_Mao2017_ZOBOV,J/ApJ/835/161
15127,174.941,36.198,0.325,83.64,BOSS_DR12_Mao2017_ZOBOV,J/ApJ/835/161
14106,145.078,25.08,0.23,43.286,BOSS_DR12_Mao2017_ZOBOV,J/ApJ/835/161
11070,255.112,36.443,0.376,80.111,BOSS_DR12_Mao2017_ZOBOV,J/ApJ/835/161
5432,169.238,38.263,0.398,58.735,BOSS_DR12_Mao2017_ZOBOV,J/ApJ/835/161
15325,156.694,21.82,0.36,73.009,BOSS_DR12_Mao2017_ZOBOV,J/ApJ/835/161
13823,166.286,19.892,0.345,85.286,BOSS_DR12_Mao2017_ZOBOV,J/ApJ/835/161
5553,175.939,30.706,0.349,66.948,BOSS_DR12_Mao2017_ZOBOV,J/ApJ/835/161
12280,210.795,8.924,0.35,73.233,BOSS_DR12_Mao2017_ZOBOV,J/ApJ/835/161
12727,139.016,57.568,0.326,74.187,BOSS_DR12_Mao2017_ZOBOV,J/ApJ/835/161
16321,235.452,50.935,0.411,30.715,BOSS_DR12_Mao2017_ZOBOV,J/ApJ/835/161
15631,173.776,25.748,0.336,82.524,BOSS_DR12_Mao2017_ZOBOV,J/ApJ/835/161
16733,181.921,42.467,0.388,78.343,BOSS_DR12_Mao2017_ZOBOV,J/ApJ/835/161
16323,183.578,62.614,0.355,60.954,BOSS_DR12_Mao2017_ZOBOV,J/ApJ/835/161
5557,178.193,32.055,0.272,51.857,BOSS_DR12_Mao2017_ZOBOV,J/ApJ/835/161
13113,202.433,16.774,0.277,48.103,BOSS_DR12_Mao2017_ZOBOV,J/ApJ/835/161
10515,223.997,39.073,0.32,57.022,BOSS_DR12_Mao2017_ZOBOV,J/ApJ/835/161
16653,187.249,47.983,0.342,65.58,BOSS_DR12_Mao2017_ZOBOV,J/ApJ/835/161
10864,134.257,29.278,0.348,37.456,BOSS_DR12_Mao2017_ZOBOV,J/ApJ/835/161
15591,186.142,28.89,0.401,56.506,BOSS_DR12_Mao2017_ZOBOV,J/ApJ/835/161
9800,239.1,30.941,0.364,39.122,BOSS_DR12_Mao2017_ZOBOV,J/ApJ/835/161
13877,138.152,33.076,0.295,65.171,BOSS_DR12_Mao2017_ZOBOV,J/ApJ/835/161
11636,183.122,13.864,0.304,42.263,BOSS_DR12_Mao2017_ZOBOV,J/ApJ/835/161
13483,213.332,25.608,0.309,47.703,BOSS_DR12_Mao2017_ZOBOV,J/ApJ/835/161
12815,140.367,61.99,0.264,24.681,BOSS_DR12_Mao2017_ZOBOV,J/ApJ/835/161
8791,127.026,7.646,0.404,29.357,BOSS_DR12_Mao2017_ZOBOV,J/ApJ/835/161
13444,148.075,26.586,0.325,33.903,BOSS_DR12_Mao2017_ZOBOV,J/ApJ/835/161
7643,142.387,5.638,0.396,50.436,BOSS_DR12_Mao2017_ZOBOV,J/ApJ/835/161
15125,164.754,32.928,0.394,64.703,BOSS_DR12_Mao2017_ZOBOV,J/ApJ/835/161
15197,160.101,30.157,0.402,42.784,BOSS_DR12_Mao2017_ZOBOV,J/ApJ/835/161
17438,196.553,60.554,0.292,71.219,BOSS_DR12_Mao2017_ZOBOV,J/ApJ/835/161
12976,142.23,53.504,0.214,29.496,BOSS_DR12_Mao2017_ZOBOV,J/ApJ/835/161
2029,253.291,22.32,0.349,47.233,BOSS_DR12_Mao2017_ZOBOV,J/ApJ/835/161
12965,144.513,61.392,0.37,51.414,BOSS_DR12_Mao2017_ZOBOV,J/ApJ/835/161
16431,197.126,49.464,0.326,60.838,BOSS_DR12_Mao2017_ZOBOV,J/ApJ/835/161
13210,148.042,31.981,0.38,68.057,BOSS_DR12_Mao2017_ZOBOV,J/ApJ/835/161
16282,160.284,59.982,0.345,50.999,BOSS_DR12_Mao2017_ZOBOV,J/ApJ/835/161
14277,156.26,18.601,0.223,54.696,BOSS_DR12_Mao2017_ZOBOV,J/ApJ/835/161
8865,184.833,6.823,0.39,72.547,BOSS_DR12_Mao2017_ZOBOV,J/ApJ/835/161
16380,188.231,53.323,0.37,78.623,BOSS_DR12_Mao2017_ZOBOV,J/ApJ/835/161
17622,225.146,48.889,0.331,87.418,BOSS_DR12_Mao2017_ZOBOV,J/ApJ/835/161
12455,230.221,12.59,0.381,57.114,BOSS_DR12_Mao2017_ZOBOV,J/ApJ/835/161
13752,203.972,21.965,0.324,81.035,BOSS_DR12_Mao2017_ZOBOV,J/ApJ/835/161
8535,168.329,5.733,0.395,42.645,BOSS_DR12_Mao2017_ZOBOV,J/ApJ/835/161
1027,198.083,0.297,0.362,32.392,BOSS_DR12_Mao2017_ZOBOV,J/ApJ/835/161
8619,217.624,7.048,0.329,59.897,BOSS_DR12_Mao2017_ZOBOV,J/ApJ/835/161
12177,146.516,8.856,0.363,43.836,BOSS_DR12_Mao2017_ZOBOV,J/ApJ/835/161
8918,219.362,6.543,0.385,42.398,BOSS_DR12_Mao2017_ZOBOV,J/ApJ/835/161
12010,229.261,11.86,0.31,60.546,BOSS_DR12_Mao2017_ZOBOV,J/ApJ/835/161
254,232.596,0.99,0.322,28.823,BOSS_DR12_Mao2017_ZOBOV,J/ApJ/835/161
14767,193.507,27.325,0.22,34.965,BOSS_DR12_Mao2017_ZOBOV,J/ApJ/835/161
12098,134.782,10.919,0.321,60.412,BOSS_DR12_Mao2017_ZOBOV,J/ApJ/835/161
12219,186.736,12.092,0.326,73.28,BOSS_DR12_Mao2017_ZOBOV,J/ApJ/835/161
15292,168.821,27.207,0.392,78.646,BOSS_DR12_Mao2017_ZOBOV,J/ApJ/835/161
16696,193.474,44.31,0.349,53.518,BOSS_DR12_Mao2017_ZOBOV,J/ApJ/835/161
3257,125.791,27.498,0.268,35.948,BOSS_DR12_Mao2017_ZOBOV,J/ApJ/835/161
14097,138.654,20.509,0.301,75.82,BOSS_DR12_Mao2017_ZOBOV,J/ApJ/835/161
14780,158.725,34.197,0.407,31.802,BOSS_DR12_Mao2017_ZOBOV,J/ApJ/835/161
17705,223.611,56.323,0.242,38.548,BOSS_DR12_Mao2017_ZOBOV,J/ApJ/835/161
10400,131.636,54.547,0.37,34.432,BOSS_DR12_Mao2017_ZOBOV,J/ApJ/835/161
12493,143.528,13.307,0.348,48.005,BOSS_DR12_Mao2017_ZOBOV,J/ApJ/835/161
10173,258.022,30.071,0.243,34.589,BOSS_DR12_Mao2017_ZOBOV,J/ApJ/835/161
11392,194.129,6.789,0.376,45.769,BOSS_DR12_Mao2017_ZOBOV,J/ApJ/835/161
3828,119.898,20.972,0.32,92.396,BOSS_DR12_Mao2017_ZOBOV,J/ApJ/835/161
11410,155.659,7.973,0.396,60.146,BOSS_DR12_Mao2017_ZOBOV,J/ApJ/835/161
16693,196.785,46.319,0.291,60.039,BOSS_DR12_Mao2017_ZOBOV,J/ApJ/835/161
9716,247.518,32.792,0.39,84.799,BOSS_DR12_Mao2017_ZOBOV,J/ApJ/835/161
12761,144.184,48.91,0.371,115.395,BOSS_DR12_Mao2017_ZOBOV,J/ApJ/835/161
9487,256.62,36.08,0.317,54.635,BOSS_DR12_Mao2017_ZOBOV,J/ApJ/835/161
16391,166.353,47.518,0.257,65.697,BOSS_DR12_Mao2017_ZOBOV,J/ApJ/835/161
3124,126.963,31.185,0.34,14.303,BOSS_DR12_Mao2017_ZOBOV,J/ApJ/835/161
14070,219.789,23.701,0.373,59.855,BOSS_DR12_Mao2017_ZOBOV,J/ApJ/835/161
11993,211.491,13.936,0.383,91.207,BOSS_DR12_Mao2017_ZOBOV,J/ApJ/835/161
12484,134.959,12.221,0.286,55.428,BOSS_DR12_Mao2017_ZOBOV,J/ApJ/835/161
7410,162.941,6.187,0.216,28.279,BOSS_DR12_Mao2017_ZOBOV,J/ApJ/835/161
8630,165.795,6.683,0.4,55.68,BOSS_DR12_Mao2017_ZOBOV,J/ApJ/835/161
495,229.374,0.885,0.379,31.161,BOSS_DR12_Mao2017_ZOBOV,J/ApJ/835/161
1895,247.842,16.137,0.337,53.58,BOSS_DR12_Mao2017_ZOBOV,J/ApJ/835/161
17694,223.29,45.646,0.216,37.576,BOSS_DR12_Mao2017_ZOBOV,J/ApJ/835/161
11078,240.641,39.128,0.264,63.356,BOSS_DR12_Mao2017_ZOBOV,J/ApJ/835/161
5735,161.94,42.263,0.363,66.283,BOSS_DR12_Mao2017_ZOBOV,J/ApJ/835/161
16555,220.702,55.901,0.27,50.444,BOSS_DR12_Mao2017_ZOBOV,J/ApJ/835/161
15199,150.638,28.543,0.308,57.703,BOSS_DR12_Mao2017_ZOBOV,J/ApJ/835/161
13132,144.48,33.909,0.23,54.042,BOSS_DR12_Mao2017_ZOBOV,J/ApJ/835/161
87,221.96,0.289,0.391,45.034,BOSS_DR12_Mao2017_ZOBOV,J/ApJ/835/161
12674,130.262,57.878,0.393,51.218,BOSS_DR12_Mao2017_ZOBOV,J/ApJ/835/161
11423,194.57,7.831,0.238,44.743,BOSS_DR12_Mao2017_ZOBOV,J/ApJ/835/161
16260,159.768,53.098,0.224,74.446,BOSS_DR12_Mao2017_ZOBOV,J/ApJ/835/161
13653,180.39,24.866,0.398,57.727,BOSS_DR12_Mao2017_ZOBOV,J/ApJ/835/161
14423,251.775,43.335,0.393,76.329,BOSS_DR12_Mao2017_ZOBOV,J/ApJ/835/161
12236,195.005,12.221,0.279,66.044,BOSS_DR12_Mao2017_ZOBOV,J/ApJ/835/161
1019,217.658,0.282,0.384,52.852,BOSS_DR12_Mao2017_ZOBOV,J/ApJ/835/161
11544,137.673,10.483,0.374,79.817,BOSS_DR12_Mao2017_ZOBOV,J/ApJ/835/161
11934,138.349,22.948,0.257,79.302,BOSS_DR12_Mao2017_ZOBOV,J/ApJ/835/161
14261,178.128,18.823,0.221,48.441,BOSS_DR12_Mao2017_ZOBOV,J/ApJ/835/161
11454,135.017,17.891,0.382,50.95,BOSS_DR12_Mao2017_ZOBOV,J/ApJ/835/161
3315,124.389,27.477,0.324,62.187,BOSS_DR12_Mao2017_ZOBOV,J/ApJ/835/161
4516,123.037,19.734,0.377,69.635,BOSS_DR12_Mao2017_ZOBOV,J/ApJ/835/161
15335,172.931,24.955,0.28,47.0,BOSS_DR12_Mao2017_ZOBOV,J/ApJ/835/161
13550,217.349,24.791,0.404,41.88,BOSS_DR12_Mao2017_ZOBOV,J/ApJ/835/161
5431,159.05,34.462,0.303,85.609,BOSS_DR12_Mao2017_ZOBOV,J/ApJ/835/161
8584,150.578,7.102,0.377,62.216,BOSS_DR12_Mao2017_ZOBOV,J/ApJ/835/161
15699,163.496,44.157,0.335,65.435,BOSS_DR12_Mao2017_ZOBOV,J/ApJ/835/161
13645,204.842,26.447,0.363,73.492,BOSS_DR12_Mao2017_ZOBOV,J/ApJ/835/161
16715,214.721,45.896,0.353,108.001,BOSS_DR12_Mao2017_ZOBOV,J/ApJ/835/161
14726,239.17,45.232,0.245,47.308,BOSS_DR12_Mao2017_ZOBOV,J/ApJ/835/161
14711,237.005,44.174,0.302,85.816,BOSS_DR12_Mao2017_ZOBOV,J/ApJ/835/161
11748,218.577,11.434,0.284,94.114,BOSS_DR12_Mao2017_ZOBOV,J/ApJ/835/161
16529,217.196,56.575,0.332,59.036,BOSS_DR12_Mao2017_ZOBOV,J/ApJ/835/161
12752,142.731,47.498,0.325,51.836,BOSS_DR12_Mao2017_ZOBOV,J/ApJ/835/161
99,207.623,0.114,0.228,32.214,BOSS_DR12_Mao2017_ZOBOV,J/ApJ/835/161
7571,184.189,6.288,0.317,47.186,BOSS_DR12_Mao2017_ZOBOV,J/ApJ/835/161
16710,188.76,45.811,0.289,61.165,BOSS_DR12_Mao2017_ZOBOV,J/ApJ/835/161
12522,128.469,8.501,0.278,34.753,BOSS_DR12_Mao2017_ZOBOV,J/ApJ/835/161
8579,225.511,5.833,0.301,26.668,BOSS_DR12_Mao2017_ZOBOV,J/ApJ/835/161
11122,239.777,37.537,0.357,40.532,BOSS_DR12_Mao2017_ZOBOV,J/ApJ/835/161
17626,210.006,56.134,0.277,64.101,BOSS_DR12_Mao2017_ZOBOV,J/ApJ/835/161
13007,137.157,47.861,0.22,33.956,BOSS_DR12_Mao2017_ZOBOV,J/ApJ/835/161
14143,197.603,24.04,0.25,79.491,BOSS_DR12_Mao2017_ZOBOV,J/ApJ/835/161
11659,197.255,7.45,0.403,51.833,BOSS_DR12_Mao2017_ZOBOV,J/ApJ/835/161
7316,151.529,5.29,0.407,30.166,BOSS_DR12_Mao2017_ZOBOV,J/ApJ/835/161
17437,169.517,62.176,0.347,50.367,BOSS_DR12_Mao2017_ZOBOV,J/ApJ/835/161
15739,208.099,44.381,0.393,78.978,BOSS_DR12_Mao2017_ZOBOV,J/ApJ/835/161
13869,177.712,17.914,0.329,45.629,BOSS_DR12_Mao2017_ZOBOV,J/ApJ/835/161
13611,136.325,21.053,0.39,31.067,BOSS_DR12_Mao2017_ZOBOV,J/ApJ/835/161
4373,123.645,16.664,0.246,51.32,BOSS_DR12_Mao2017_ZOBOV,J/ApJ/835/161
5639,136.204,40.926,0.398,53.662,BOSS_DR12_Mao2017_ZOBOV,J/ApJ/835/161
11970,216.866,17.064,0.407,45.885,BOSS_DR12_Mao2017_ZOBOV,J/ApJ/835/161
4810,170.611,40.463,0.315,53.512,BOSS_DR12_Mao2017_ZOBOV,J/ApJ/835/161
16675,179.276,44.534,0.26,57.405,BOSS_DR12_Mao2017_ZOBOV,J/ApJ/835/161
14289,218.456,40.365,0.375,47.942,BOSS_DR12_Mao2017_ZOBOV,J/ApJ/835/161
12701,138.019,58.596,0.393,46.308,BOSS_DR12_Mao2017_ZOBOV,J/ApJ/835/161
10318,217.105,40.107,0.257,33.863,BOSS_DR12_Mao2017_ZOBOV,J/ApJ/835/161
13156,192.86,16.207,0.289,61.648,BOSS_DR12_Mao2017_ZOBOV,J/ApJ/835/161
13665,140.677,19.264,0.406,48.834,BOSS_DR12_Mao2017_ZOBOV,J/ApJ/835/161
14050,214.181,26.475,0.366,40.687,BOSS_DR12_Mao2017_ZOBOV,J/ApJ/835/161
15239,154.565,27.681,0.344,55.028,BOSS_DR12_Mao2017_ZOBOV,J/ApJ/835/161
17628,196.573,55.274,0.225,64.612,BOSS_DR12_Mao2017_ZOBOV,J/ApJ/835/161
5426,173.73,37.075,0.284,43.961,BOSS_DR12_Mao2017_ZOBOV,J/ApJ/835/161
14029,208.569,25.861,0.274,59.986,BOSS_DR12_Mao2017_ZOBOV,J/ApJ/835/161
5678,140.27,40.265,0.346,70.117,BOSS_DR12_Mao2017_ZOBOV,J/ApJ/835/161
4404,120.876,12.306,0.403,33.094,BOSS_DR12_Mao2017_ZOBOV,J/ApJ/835/161
11651,181.172,6.556,0.287,57.776,BOSS_DR12_Mao2017_ZOBOV,J/ApJ/835/161
13224,137.873,28.228,0.26,47.794,BOSS_DR12_Mao2017_ZOBOV,J/ApJ/835/161
13133,143.639,35.969,0.349,65.171,BOSS_DR12_Mao2017_ZOBOV,J/ApJ/835/161
13551,218.792,22.848,0.27,56.285,BOSS_DR12_Mao2017_ZOBOV,J/ApJ/835/161
12665,133.965,57.582,0.258,49.688,BOSS_DR12_Mao2017_ZOBOV,J/ApJ/835/161
12061,140.402,11.131,0.275,43.697,BOSS_DR12_Mao2017_ZOBOV,J/ApJ/835/161
13206,137.221,31.471,0.371,74.357,BOSS_DR12_Mao2017_ZOBOV,J/ApJ/835/161
13857,181.437,23.156,0.295,73.722,BOSS_DR12_Mao2017_ZOBOV,J/ApJ/835/161
9280,210.314,6.534,0.361,52.176,BOSS_DR12_Mao2017_ZOBOV,J/ApJ/835/161
14400,226.595,44.81,0.391,69.863,BOSS_DR12_Mao2017_ZOBOV,J/ApJ/835/161
13795,197.831,23.658,0.332,64.233,BOSS_DR12_Mao2017_ZOBOV,J/ApJ/835/161
11140,252.025,36.608,0.33,53.577,BOSS_DR12_Mao2017_ZOBOV,J/ApJ/835/161
8373,147.947,6.242,0.273,48.999,BOSS_DR12_Mao2017_ZOBOV,J/ApJ/835/161
16563,233.805,51.121,0.338,32.043,BOSS_DR12_Mao2017_ZOBOV,J/ApJ/835/161
16256,199.062,56.9,0.292,50.306,BOSS_DR12_Mao2017_ZOBOV,J/ApJ/835/161
12422,223.13,16.029,0.354,49.887,BOSS_DR12_Mao2017_ZOBOV,J/ApJ/835/161
11697,194.181,10.841,0.325,55.752,BOSS_DR12_Mao2017_ZOBOV,J/ApJ/835/161
11543,129.652,8.961,0.312,29.216,BOSS_DR12_Mao2017_ZOBOV,J/ApJ/835/161
4332,118.762,20.092,0.249,35.495,BOSS_DR12_Mao2017_ZOBOV,J/ApJ/835/161
12675,135.233,56.697,0.217,27.885,BOSS_DR12_Mao2017_ZOBOV,J/ApJ/835/161
12277,215.808,8.023,0.394,54.649,BOSS_DR12_Mao2017_ZOBOV,J/ApJ/835/161
15406,151.578,29.911,0.221,44.189,BOSS_DR12_Mao2017_ZOBOV,J/ApJ/835/161
8521,142.837,6.434,0.287,52.516,BOSS_DR12_Mao2017_ZOBOV,J/ApJ/835/161
17554,221.134,50.217,0.278,47.288,BOSS_DR12_Mao2017_ZOBOV,J/ApJ/835/161
16378,191.584,55.193,0.261,74.916,BOSS_DR12_Mao2017_ZOBOV,J/ApJ/835/161
15601,167.767,29.365,0.352,32.034,BOSS_DR12_Mao2017_ZOBOV,J/ApJ/835/161
14280,224.445,40.211,0.359,57.942,BOSS_DR12_Mao2017_ZOBOV,J/ApJ/835/161
17486,158.403,47.792,0.396,65.267,BOSS_DR12_Mao2017_ZOBOV,J/ApJ/835/161
16667,186.941,44.707,0.389,48.717,BOSS_DR12_Mao2017_ZOBOV,J/ApJ/835/161
15784,233.718,56.893,0.277,47.4,BOSS_DR12_Mao2017_ZOBOV,J/ApJ/835/161
16589,199.729,50.309,0.392,79.064,BOSS_DR12_Mao2017_ZOBOV,J/ApJ/835/161
11479,169.047,9.652,0.238,71.817,BOSS_DR12_Mao2017_ZOBOV,J/ApJ/835/161
4900,154.247,36.129,0.262,35.733,BOSS_DR12_Mao2017_ZOBOV,J/ApJ/835/161
15224,197.478,28.365,0.365,81.198,BOSS_DR12_Mao2017_ZOBOV,J/ApJ/835/161
12705,137.44,59.53,0.327,64.36,BOSS_DR12_Mao2017_ZOBOV,J/ApJ/835/161
1095,204.447,2.828,0.221,30.967,BOSS_DR12_Mao2017_ZOBOV,J/ApJ/835/161
5514,182.304,35.755,0.389,25.219,BOSS_DR12_Mao2017_ZOBOV,J/ApJ/835/161
7877,179.211,4.616,0.336,35.504,BOSS_DR12_Mao2017_ZOBOV,J/ApJ/835/161
4653,350.894,21.568,0.342,246.915,BOSS_DR12_Mao2017_ZOBOV,J/ApJ/835/161
3284,332.562,21.087,0.381,98.092,BOSS_DR12_Mao2017_ZOBOV,J/ApJ/835/161
5589,2.482,23.356,0.351,170.261,BOSS_DR12_Mao2017_ZOBOV,J/ApJ/835/161
5789,5.575,29.235,0.292,78.899,BOSS_DR12_Mao2017_ZOBOV,J/ApJ/835/161
4501,346.37,14.684,0.315,60.254,BOSS_DR12_Mao2017_ZOBOV,J/ApJ/835/161
3362,337.565,10.019,0.362,108.757,BOSS_DR12_Mao2017_ZOBOV,J/ApJ/835/161
5686,349.211,21.548,0.222,62.238,BOSS_DR12_Mao2017_ZOBOV,J/ApJ/835/161
6581,31.601,-4.318,0.387,103.063,BOSS_DR12_Mao2017_ZOBOV,J/ApJ/835/161
5547,11.133,19.696,0.337,119.861,BOSS_DR12_Mao2017_ZOBOV,J/ApJ/835/161
7599,321.468,2.116,0.379,42.028,BOSS_DR12_Mao2017_ZOBOV,J/ApJ/835/161
4325,359.116,6.182,0.386,123.27,BOSS_DR12_Mao2017_ZOBOV,J/ApJ/835/161
3713,24.36,21.24,0.368,123.523,BOSS_DR12_Mao2017_ZOBOV,J/ApJ/835/161
4775,7.187,10.434,0.276,137.903,BOSS_DR12_Mao2017_ZOBOV,J/ApJ/835/161
1998,15.754,-2.615,0.334,38.11,BOSS_DR12_Mao2017_ZOBOV,J/ApJ/835/161
3372,338.238,9.336,0.4,34.064,BOSS_DR12_Mao2017_ZOBOV,J/ApJ/835/161
4803,351.496,15.226,0.244,57.284,BOSS_DR12_Mao2017_ZOBOV,J/ApJ/835/161
7545,40.64,-4.855,0.263,41.881,BOSS_DR12_Mao2017_ZOBOV,J/ApJ/835/161
5820,349.816,32.205,0.402,31.604,BOSS_DR12_Mao2017_ZOBOV,J/ApJ/835/161
7505,44.12,-7.483,0.293,23.058,BOSS_DR12_Mao2017_ZOBOV,J/ApJ/835/161
5548,28.001,28.905,0.396,57.987,BOSS_DR12_Mao2017_ZOBOV,J/ApJ/835/161
2628,16.985,-2.106,0.361,50.895,BOSS_DR12_Mao2017_ZOBOV,J/ApJ/835/161
4766,338.501,21.713,0.348,85.302,BOSS_DR12_Mao2017_ZOBOV,J/ApJ/835/161
5815,344.587,29.799,0.397,62.515,BOSS_DR12_Mao2017_ZOBOV,J/ApJ/835/161
2591,36.102,-4.351,0.39,82.449,BOSS_DR12_Mao2017_ZOBOV,J/ApJ/835/161
1731,25.177,11.349,0.252,33.628,BOSS_DR12_Mao2017_ZOBOV,J/ApJ/835/161
590,326.176,1.035,0.252,41.388,BOSS_DR12_Mao2017_ZOBOV,J/ApJ/835/161
789,33.205,0.699,0.328,40.689,BOSS_DR12_Mao2017_ZOBOV,J/ApJ/835/161
5735,17.57,33.091,0.406,24.871,BOSS_DR12_Mao2017_ZOBOV,J/ApJ/835/161
7563,43.33,-7.013,0.409,24.55,BOSS_DR12_Mao2017_ZOBOV,J/ApJ/835/161
3747,22.992,20.236,0.299,86.092,BOSS_DR12_Mao2017_ZOBOV,J/ApJ/835/161
1268,339.772,4.107,0.22,48.373,BOSS_DR12_Mao2017_ZOBOV,J/ApJ/835/161
5746,22.803,29.092,0.317,61.258,BOSS_DR12_Mao2017_ZOBOV,J/ApJ/835/161
5639,10.978,27.261,0.389,72.04,BOSS_DR12_Mao2017_ZOBOV,J/ApJ/835/161
6334,8.797,11.149,0.279,129.776,BOSS_DR12_Mao2017_ZOBOV,J/ApJ/835/161
6347,347.522,13.714,0.383,103.227,BOSS_DR12_Mao2017_ZOBOV,J/ApJ/835/161
490,344.624,0.948,0.41,23.679,BOSS_DR12_Mao2017_ZOBOV,J/ApJ/835/161
573,342.839,-0.346,0.235,21.07,BOSS_DR12_Mao2017_ZOBOV,J/ApJ/835/161
6407,5.678,-2.705,0.24,48.713,BOSS_DR12_Mao2017_ZOBOV,J/ApJ/835/161
3858,333.85,23.415,0.277,83.802,BOSS_DR12_Mao2017_ZOBOV,J/ApJ/835/161
5752,28.668,29.458,0.27,38.989,BOSS_DR12_Mao2017_ZOBOV,J/ApJ/835/161
1286,0.836,1.905,0.224,50.813,BOSS_DR12_Mao2017_ZOBOV,J/ApJ/835/161
1710,25.084,11.225,0.373,76.942,BOSS_DR12_Mao2017_ZOBOV,J/ApJ/835/161
1750,18.959,11.754,0.39,104.401,BOSS_DR12_Mao2017_ZOBOV,J/ApJ/835/161
3821,14.996,18.816,0.392,60.208,BOSS_DR12_Mao2017_ZOBOV,J/ApJ/835/161
1465,25.873,5.274,0.223,39.024,BOSS_DR12_Mao2017_ZOBOV,J/ApJ/835/161
1995,16.408,-1.955,0.22,34.822,BOSS_DR12_Mao2017_ZOBOV,J/ApJ/835/161
2508,19.258,-2.183,0.285,31.307,BOSS_DR12_Mao2017_ZOBOV,J/ApJ/835/161
5763,343.329,29.51,0.283,61.776,BOSS_DR12_Mao2017_ZOBOV,J/ApJ/835/161
5825,13.681,31.598,0.217,21.972,BOSS_DR12_Mao2017_ZOBOV,J/ApJ/835/161
3331,332.353,8.544,0.407,32.286,BOSS_DR12_Mao2017_ZOBOV,J/ApJ/835/161
1031,333.45,5.807,0.223,25.456,BOSS_DR12_Mao2017_ZOBOV,J/ApJ/835/161
1241,353.267,1.914,0.322,78.671,BOSS_DR12_Mao2017_ZOBOV,J/ApJ/835/161
5745,23.28,30.523,0.377,50.884,BOSS_DR12_Mao2017_ZOBOV,J/ApJ/835/161
1688,26.609,8.221,0.348,31.843,BOSS_DR12_Mao2017_ZOBOV,J/ApJ/835/161
736,2.347,-1.604,0.267,46.859,BOSS_DR12_Mao2017_ZOBOV,J/ApJ/835/161
4789,346.427,9.893,0.285,77.435,BOSS_DR12_Mao2017_ZOBOV,J/ApJ/835/161
1186,10.099,3.79,0.222,48.622,BOSS_DR12_Mao2017_ZOBOV,J/ApJ/835/161
1867,35.008,3.095,0.269,18.548,BOSS_DR12_Mao2017_ZOBOV,J/ApJ/835/161
500,320.712,0.536,0.4,40.23,BOSS_DR12_Mao2017_ZOBOV,J/ApJ/835/161
5531,359.391,20.783,0.23,59.429,BOSS_DR12_Mao2017_ZOBOV,J/ApJ/835/161
5642,4.634,29.387,0.385,70.6,BOSS_DR12_Mao2017_ZOBOV,J/ApJ/835/161
5726,15.366,31.82,0.312,50.667,BOSS_DR12_Mao2017_ZOBOV,J/ApJ/835/161
4632,19.047,27.52,0.356,57.657,BOSS_DR12_Mao2017_ZOBOV,J/ApJ/835/161
5803,356.368,28.46,0.399,78.277,BOSS_DR12_Mao2017_ZOBOV,J/ApJ/835/161
7066,1.409,-6.506,0.393,50.775,BOSS_DR12_Mao2017_ZOBOV,J/ApJ/835/161
756,13.76,1.256,0.232,42.855,BOSS_DR12_Mao2017_ZOBOV,J/ApJ/835/161
4022,331.042,26.621,0.329,43.892,BOSS_DR12_Mao2017_ZOBOV,J/ApJ/835/161
6470,24.032,-3.07,0.244,42.146,BOSS_DR12_Mao2017_ZOBOV,J/ApJ/835/161
675,349.657,-0.096,0.402,36.891,BOSS_DR12_Mao2017_ZOBOV,J/ApJ/835/161
5635,352.582,27.111,0.266,54.141,BOSS_DR12_Mao2017_ZOBOV,J/ApJ/835/161
1709,23.852,12.174,0.222,47.058,BOSS_DR12_Mao2017_ZOBOV,J/ApJ/835/161
5806,16.735,30.934,0.274,47.702,BOSS_DR12_Mao2017_ZOBOV,J/ApJ/835/161
123,325.867,2.067,0.393,57.971,BOSS_DR12_Mao2017_ZOBOV,J/ApJ/835/161
6465,23.606,-4.958,0.217,16.901,BOSS_DR12_Mao2017_ZOBOV,J/ApJ/835/161
1554,27.264,4.604,0.39,56.518,BOSS_DR12_Mao2017_ZOBOV,J/ApJ/835/161
7575,322.382,1.7,0.277,45.704,BOSS_DR12_Mao2017_ZOBOV,J/ApJ/835/161
3803,16.113,23.619,0.401,56.057,BOSS_DR12_Mao2017_ZOBOV,J/ApJ/835/161
6322,351.52,29.575,0.376,60.25,BOSS_DR12_Mao2017_ZOBOV,J/ApJ/835/161
1548,1.54,4.46,0.358,62.348,BOSS_DR12_Mao2017_ZOBOV,J/ApJ/835/161
4942,6.704,18.309,0.249,56.573,BOSS_DR12_Mao2017_ZOBOV,J/ApJ/835/161
4956,20.994,26.242,0.285,69.901,BOSS_DR12_Mao2017_ZOBOV,J/ApJ/835/161
1464,22.576,4.991,0.348,42.282,BOSS_DR12_Mao2017_ZOBOV,J/ApJ/835/161
1630,344.372,4.748,0.25,64.19,BOSS_DR12_Mao2017_ZOBOV,J/ApJ/835/161
1628,340.512,4.679,0.399,83.843,BOSS_DR12_Mao2017_ZOBOV,J/ApJ/835/161
5157,353.079,13.201,0.28,56.524,BOSS_DR12_Mao2017_ZOBOV,J/ApJ/835/161
5714,4.098,32.335,0.333,37.663,BOSS_DR12_Mao2017_ZOBOV,J/ApJ/835/161
7077,0.365,-7.075,0.331,28.064,BOSS_DR12_Mao2017_ZOBOV,J/ApJ/835/161
1236,346.048,1.049,0.301,44.088,BOSS_DR12_Mao2017_ZOBOV,J/ApJ/835/161
1254,352.299,2.304,0.387,80.859,BOSS_DR12_Mao2017_ZOBOV,J/ApJ/835/161
181,324.995,5.796,0.226,39.318,BOSS_DR12_Mao2017_ZOBOV,J/ApJ/835/161
5631,2.798,28.843,0.229,64.123,BOSS_DR12_Mao2017_ZOBOV,J/ApJ/835/161
512,333.808,0.624,0.294,41.469,BOSS_DR12_Mao2017_ZOBOV,J/ApJ/835/161
6641,0.36,-7.435,0.364,38.103,BOSS_DR12_Mao2017_ZOBOV,J/ApJ/835/161
3188,340.795,14.305,0.306,48.56,BOSS_DR12_Mao2017_ZOBOV,J/ApJ/835/161
4464,354.513,13.604,0.407,38.122,BOSS_DR12_Mao2017_ZOBOV,J/ApJ/835/161
3366,334.743,8.976,0.401,41.63,BOSS_DR12_Mao2017_ZOBOV,J/ApJ/835/161
2665,38.315,-6.265,0.308,33.897,BOSS_DR12_Mao2017_ZOBOV,J/ApJ/835/161
1847,10.396,7.284,0.294,107.984,BOSS_DR12_Mao2017_ZOBOV,J/ApJ/835/161
4886,5.949,33.673,0.367,17.69,BOSS_DR12_Mao2017_ZOBOV,J/ApJ/835/161
5405,351.334,9.087,0.312,48.495,BOSS_DR12_Mao2017_ZOBOV,J/ApJ/835/161
218,326.74,6.513,0.404,42.926,BOSS_DR12_Mao2017_ZOBOV,J/ApJ/835/161
1888,22.823,2.209,0.261,26.203,BOSS_DR12_Mao2017_ZOBOV,J/ApJ/835/161
2319,13.657,-3.014,0.4,35.863,BOSS_DR12_Mao2017_ZOBOV,J/ApJ/835/161
6595,6.82,-4.378,0.359,41.185,BOSS_DR12_Mao2017_ZOBOV,J/ApJ/835/161
881,24.04,14.453,0.298,40.182,BOSS_DR12_Mao2017_ZOBOV,J/ApJ/835/161
4388,5.881,10.44,0.332,48.151,BOSS_DR12_Mao2017_ZOBOV,J/ApJ/835/161
3685,24.427,17.205,0.344,74.022,BOSS_DR12_Mao2017_ZOBOV,J/ApJ/835/161
5776,11.199,28.998,0.249,63.688,BOSS_DR12_Mao2017_ZOBOV,J/ApJ/835/161
5754,30.781,30.305,0.357,23.699,BOSS_DR12_Mao2017_ZOBOV,J/ApJ/835/161
3399,340.154,16.017,0.382,36.999,BOSS_DR12_Mao2017_ZOBOV,J/ApJ/835/161
215,326.317,6.929,0.351,57.136,BOSS_DR12_Mao2017_ZOBOV,J/ApJ/835/161
2505,2.733,-0.614,0.375,45.736,BOSS_DR12_Mao2017_ZOBOV,J/ApJ/835/161
3395,336.518,15.153,0.265,54.091,BOSS_DR12_Mao2017_ZOBOV,J/ApJ/835/161
5404,2.186,7.968,0.331,60.435,BOSS_DR12_Mao2017_ZOBOV,J/ApJ/835/161
5410,354.641,10.304,0.365,44.385,BOSS_DR12_Mao2017_ZOBOV,J/ApJ/835/161
4773,352.929,7.204,0.346,77.225,BOSS_DR12_Mao2017_ZOBOV,J/ApJ/835/161
1881,22.034,4.186,0.397,53.395,BOSS_DR12_Mao2017_ZOBOV,J/ApJ/835/161
214,323.571,6.129,0.288,48.793,BOSS_DR12_Mao2017_ZOBOV,J/ApJ/835/161
784,26.531,-0.098,0.232,26.668,BOSS_DR12_Mao2017_ZOBOV,J/ApJ/835/161
4927,1.202,17.694,0.393,78.36,BOSS_DR12_Mao2017_ZOBOV,J/ApJ/835/161
3357,340.594,9.982,0.261,40.694,BOSS_DR12_Mao2017_ZOBOV,J/ApJ/835/161
4861,5.64,33.577,0.323,19.873,BOSS_DR12_Mao2017_ZOBOV,J/ApJ/835/161
3532,337.196,12.899,0.396,54.816,BOSS_DR12_Mao2017_ZOBOV,J/ApJ/835/161
912,18.013,10.979,0.354,63.026,BOSS_DR12_Mao2017_ZOBOV,J/ApJ/835/161
4328,342.856,18.545,0.395,56.684,BOSS_DR12_Mao2017_ZOBOV,J/ApJ/835/161
2000,17.943,-2.547,0.397,28.597,BOSS_DR12_Mao2017_ZOBOV,J/ApJ/835/161
4461,11.084,17.978,0.342,108.318,BOSS_DR12_Mao2017_ZOBOV,J/ApJ/835/161
2595,38.258,-4.182,0.343,40.987,BOSS_DR12_Mao2017_ZOBOV,J/ApJ/835/161
1758,20.479,9.388,0.237,42.598,BOSS_DR12_Mao2017_ZOBOV,J/ApJ/835/161
1897,22.472,2.483,0.233,29.103,BOSS_DR12_Mao2017_ZOBOV,J/ApJ/835/161
1297,344.903,0.155,0.326,46.798,BOSS_DR12_Mao2017_ZOBOV,J/ApJ/835/161
708,323.714,-0.573,0.343,29.356,BOSS_DR12_Mao2017_ZOBOV,J/ApJ/835/161
69,322.872,4.201,0.347,53.279,BOSS_DR12_Mao2017_ZOBOV,J/ApJ/835/161
1181,12.548,5.708,0.377,59.086,BOSS_DR12_Mao2017_ZOBOV,J/ApJ/835/161
1272,352.981,1.356,0.236,52.957,BOSS_DR12_Mao2017_ZOBOV,J/ApJ/835/161
